consecutive_losses,balance_ratio,avg_bet_size,churn
3,1.07,4.15,0
8,0.82,64.15,1
6,0.23,95.95,1
4,1.47,68.36,0
2,1.62,66.5,0
1,0.44,65.98,0
5,0.42,83.54,1
0,0.31,54.09,1
7,0.24,79.26,1
6,1.23,37.53,0
3,1.59,39.51,0
3,1.02,82.67,0
3,0.23,92.46,1
10,1.2,27.5,0
6,1.82,61.96,0
4,1.43,72.02,0
5,0.51,52.97,1
7,0.4,22.02,1
5,1.03,24.78,0
4,1.63,26.11,0
3,1.02,10.71,0
0,0.79,19.06,0
0,0.38,54.61,1
0,0.61,92.81,0
9,1.45,54.7,0
5,1.76,26.73,0
3,1.35,48.25,0
3,0.96,43.99,0
9,0.27,6.14,1
2,1.31,98.88,0
4,0.71,27.04,0
6,0.63,15.09,0
4,1.44,50.73,0
6,1.74,9.34,0
10,0.24,58.71,1
1,1.42,36.7,0
1,0.82,84.09,0
8,0.18,33.84,1
2,1.16,35.77,0
8,1.58,31.31,0
5,1.51,61.31,0
1,0.16,55.18,1
4,1.74,72.52,0
10,1.46,27.78,0
2,0.35,39.67,1
4,0.83,95.29,0
6,0.72,63.98,1
4,0.32,90.64,1
4,1.01,19.08,0
2,1.42,28.54,0
2,1.13,27.61,0
2,1.09,96.15,0
9,0.66,73.86,1
3,1.11,9.26,0
8,0.16,24.87,1
10,1.53,9.08,0
9,1.18,98.19,0
9,1.4,45.34,0
8,0.4,21.67,1
0,1.19,55.65,0
0,1.75,29.5,0
7,1.37,11.78,0
10,0.35,60.53,1
10,1.29,48.46,0
0,1.21,49.68,0
9,1.75,17.81,0
9,1.72,65.98,0
6,0.82,43.17,0
2,0.76,83.17,0
7,0.5,86.09,1
8,1.2,79.2,0
6,0.22,95.04,1
6,0.44,95.39,0
3,0.33,97.86,1
10,1.1,99.87,0
5,1.35,23.41,0
0,1.06,15.13,0
5,0.36,15.16,1
3,1.56,22.92,0
1,0.17,87.49,1
10,1.09,79.3,1
5,1.05,11.22,0
2,1.33,68.44,0
3,0.4,80.02,1
2,0.24,59.16,1
8,1.3,59.86,0
2,1.8,99.87,0
9,0.59,84.91,1
0,1.63,55.07,0
7,0.86,49.26,0
6,1.78,27.86,0
1,1.52,89.46,0
7,1.3,72.12,0
7,0.18,32.65,1
0,1.47,69.3,0
1,0.57,24.46,0
1,0.32,20.61,0
10,0.12,36.74,1
7,1.36,96.49,0
3,0.66,98.83,0
10,1.95,20.02,0
3,0.81,14.31,0
3,1.93,68.25,0
0,0.91,67.44,0
5,0.37,58.91,0
8,1.81,56.75,0
6,1.24,4.22,0
2,1.45,64.02,0
0,0.33,3.55,0
7,1.69,14.06,0
0,1.71,13.2,0
10,1.32,80.24,0
3,1.52,18.46,0
1,0.24,2.11,1
5,0.9,9.16,0
9,1.02,74.63,1
6,0.92,93.37,0
3,0.64,50.89,0
3,1.21,33.62,0
3,1.06,31.83,0
0,1.96,28.27,0
8,0.48,25.14,1
1,0.8,40.5,0
3,0.89,45.04,0
4,0.36,49.75,1
0,0.47,51.46,0
5,0.79,91.37,0
2,0.18,25.93,1
3,1.95,58.53,0
6,0.82,51.57,1
7,0.65,33.09,1
7,1.22,45.13,0
0,1.75,35.17,0
3,0.14,94.57,1
3,0.67,86.32,0
7,1.0,20.75,0
10,1.71,98.17,0
2,0.77,93.28,0
4,1.92,85.95,0
7,1.37,34.88,0
4,1.62,5.5,0
8,1.71,5.57,0
8,0.36,85.69,1
4,1.25,48.88,0
1,1.25,27.55,0
0,0.68,11.34,0
4,0.69,43.36,1
8,1.99,77.18,0
0,0.75,56.65,0
9,0.27,12.64,1
8,1.75,15.73,0
4,0.19,19.42,1
8,1.76,12.43,0
3,1.05,62.9,0
0,1.8,43.07,0
7,1.37,20.39,0
5,1.15,52.48,0
8,1.34,77.79,0
10,0.57,71.42,1
10,0.98,81.09,0
4,0.36,67.72,1
7,1.51,59.31,0
10,1.39,21.57,0
1,0.12,8.67,1
3,0.44,45.85,1
6,1.71,29.07,0
7,0.15,54.88,1
1,0.9,39.24,0
1,1.52,90.2,0
1,1.17,6.45,0
2,1.94,56.8,0
7,1.98,6.33,0
1,1.0,87.75,0
7,1.12,59.19,0
1,0.55,84.16,0
10,0.77,9.65,1
0,1.18,20.73,0
7,1.04,11.02,0
8,1.89,5.66,0
10,1.68,97.78,0
5,0.77,38.27,1
5,0.17,65.74,1
5,1.23,93.83,0
8,0.26,39.33,1
1,1.1,20.22,0
8,1.75,47.2,0
0,1.84,28.89,0
9,0.84,12.57,1
9,0.52,86.17,1
0,1.08,48.72,0
1,0.74,68.31,0
1,0.86,6.16,0
2,1.36,35.06,0
2,0.4,34.84,1
0,1.48,11.39,0
3,0.74,34.26,0
1,1.81,55.46,0
2,0.97,46.89,0
6,0.95,67.88,0
1,0.34,77.41,1
10,0.15,45.96,1
6,0.79,79.57,0
6,1.9,28.14,0
5,0.45,19.74,0
10,1.57,52.53,0
4,1.96,98.45,0
4,0.42,64.66,0
4,1.0,68.74,0
4,1.68,33.23,0
0,1.21,49.64,0
2,1.74,99.23,0
6,1.84,66.27,0
0,1.56,63.13,0
4,1.08,97.52,0
6,0.13,59.79,1
7,0.38,96.58,1
0,1.01,5.1,0
2,0.88,80.33,0
0,0.97,64.19,0
7,1.4,76.87,0
4,1.13,23.85,0
9,0.93,9.09,1
8,1.08,84.59,1
2,1.86,64.77,0
7,1.06,46.91,0
8,1.39,28.36,0
8,1.54,29.35,0
6,0.57,11.45,1
9,1.9,14.41,0
7,0.89,21.59,1
2,0.24,14.11,1
2,0.71,84.55,0
7,1.15,9.92,0
5,1.74,63.05,0
1,1.65,18.82,0
10,0.76,65.62,1
8,1.32,2.73,0
7,1.85,9.28,0
2,0.7,1.6,0
2,1.69,64.19,0
9,1.15,69.62,0
1,0.34,85.98,1
1,0.25,75.49,0
8,1.75,32.32,0
2,1.02,92.1,0
10,0.87,31.42,1
4,1.25,63.07,0
9,0.38,82.57,1
10,0.34,63.17,1
2,0.67,9.08,0
3,1.71,77.22,0
10,1.69,48.95,0
10,0.12,2.89,1
9,1.13,73.01,0
7,0.94,72.16,1
6,1.7,75.42,0
0,0.59,63.66,0
4,1.06,94.39,0
2,1.52,67.39,0
1,1.88,33.94,0
10,0.57,81.68,1
0,0.4,9.45,1
6,1.68,72.98,0
8,0.42,24.26,1
4,0.82,46.02,1
8,1.65,50.79,0
8,1.47,69.32,0
10,0.91,65.6,1
4,1.87,34.78,0
8,1.16,50.99,0
0,1.63,19.31,0
8,1.93,35.38,0
1,1.83,30.86,0
5,1.63,50.69,0
4,0.42,71.82,1
9,0.15,85.91,1
1,0.49,42.34,0
7,0.86,28.74,1
5,1.18,94.89,0
5,0.45,10.33,0
4,0.93,99.22,0
9,0.66,34.17,1
9,0.56,34.12,1
2,1.74,19.84,0
8,1.2,96.71,0
5,1.62,41.21,0
8,1.85,76.1,0
3,1.89,61.95,0
2,0.41,76.37,0
7,0.34,21.21,1
0,0.76,17.74,0
4,1.17,94.04,0
2,1.01,99.59,0
7,1.88,26.87,0
4,1.3,12.76,0
4,1.59,5.01,0
4,0.13,51.3,1
9,1.14,63.96,0
2,1.54,86.38,0
8,0.75,90.52,1
2,1.35,2.78,0
6,0.14,80.14,1
3,1.98,19.32,0
2,1.3,63.0,0
6,1.08,52.76,1
9,0.97,23.46,0
9,1.79,98.13,0
3,0.94,67.83,0
8,0.6,14.26,1
7,0.48,36.26,1
8,1.1,63.8,0
6,0.99,4.49,0
4,1.37,21.94,0
5,1.95,55.17,0
2,0.11,16.35,1
9,1.04,3.74,1
9,0.29,47.43,1
1,1.3,35.75,0
4,1.9,19.38,0
1,0.28,59.84,0
1,1.63,34.28,0
1,1.59,64.94,0
3,1.11,66.67,0
7,0.49,82.25,1
7,1.2,48.12,1
10,1.45,69.19,0
0,1.51,2.38,0
4,0.78,93.15,0
2,1.32,45.33,0
8,0.54,41.92,1
10,0.68,95.82,1
2,0.86,17.04,0
2,1.7,45.97,0
9,0.53,16.48,1
7,0.81,61.36,0
5,0.71,82.53,0
8,1.16,55.01,1
6,0.14,76.76,1
8,1.85,10.04,0
5,1.12,60.72,0
2,0.36,31.28,0
8,1.71,28.62,0
9,0.74,75.86,0
2,1.41,97.3,0
10,0.18,78.89,1
1,1.24,20.21,0
1,0.49,51.23,1
8,1.87,3.15,0
0,1.99,30.3,0
3,1.32,47.83,0
5,0.84,70.19,0
0,0.98,46.1,0
9,0.32,93.77,1
2,1.18,58.57,0
8,1.16,49.38,0
8,0.74,50.66,1
9,0.95,33.46,1
10,1.88,57.59,0
6,1.55,25.68,0
0,1.69,69.93,0
10,0.58,23.35,1
3,1.42,50.92,0
1,1.83,80.87,0
0,0.84,3.23,0
7,0.2,22.06,1
4,0.55,56.01,0
6,1.35,73.67,0
4,0.26,38.24,1
7,1.3,84.67,0
1,1.58,71.57,0
2,1.6,13.0,0
1,0.53,29.55,1
0,0.18,82.66,0
0,0.88,58.58,0
7,0.41,93.65,1
4,1.32,81.9,0
9,0.58,7.96,1
7,0.26,17.5,1
9,0.79,17.64,0
0,1.99,40.94,0
10,0.8,3.75,1
5,1.59,55.48,0
10,0.74,78.69,1
2,0.2,21.95,1
10,1.22,18.94,0
0,1.35,69.63,0
1,0.44,8.32,0
7,1.32,68.16,0
10,1.84,23.59,0
3,0.24,11.94,1
4,0.65,27.92,1
7,0.98,70.7,0
8,0.48,52.29,1
10,0.5,79.94,1
5,0.22,23.25,1
4,0.24,93.05,1
9,1.79,14.66,0
1,0.29,71.76,1
0,0.27,82.05,0
6,0.42,15.31,1
10,0.17,10.05,1
5,1.63,69.0,0
0,1.42,91.89,0
10,0.49,24.89,1
0,0.92,65.42,0
2,0.48,59.73,1
7,1.26,38.23,0
7,0.82,48.04,1
2,0.19,77.19,1
9,0.65,58.71,1
0,1.28,8.65,0
5,1.97,11.1,0
10,1.84,23.51,0
0,0.54,84.31,0
3,0.27,61.82,0
2,1.15,67.66,0
8,1.31,1.17,0
0,0.76,3.75,0
5,0.94,19.94,0
4,1.67,14.68,0
8,0.79,89.85,1
10,0.91,66.67,1
2,1.42,8.44,0
7,1.04,44.99,0
9,1.46,46.33,0
6,0.83,85.43,0
7,1.0,35.78,0
10,0.48,13.68,1
3,1.72,31.91,0
0,1.21,62.21,0
9,0.9,68.97,0
2,0.69,89.28,0
3,0.58,78.89,0
9,1.29,12.47,0
9,1.59,55.73,0
7,1.24,66.27,0
0,1.77,36.54,0
5,1.13,59.34,0
1,1.46,63.05,0
8,1.12,71.18,0
0,0.86,94.93,0
0,0.86,58.89,0
2,0.61,70.26,1
7,0.44,93.96,1
10,0.24,79.9,1
0,0.92,66.43,0
7,1.69,39.4,0
1,1.37,12.71,0
5,1.25,97.12,0
1,1.95,73.02,0
6,0.14,19.51,1
9,0.42,41.16,1
8,1.82,46.97,0
4,0.5,48.56,0
0,1.92,16.77,0
3,1.56,72.92,0
7,0.47,60.58,1
5,0.28,36.96,1
5,0.35,99.97,1
3,0.12,64.69,1
0,1.5,29.02,0
1,0.47,50.6,0
0,1.78,94.64,0
10,0.91,76.53,1
8,1.19,44.79,0
0,0.58,15.07,0
0,1.19,43.39,0
0,0.59,15.39,0
8,0.97,48.07,1
0,1.37,61.2,0
0,0.28,89.03,1
8,0.91,31.17,1
4,0.69,95.72,0
10,1.6,25.49,0
3,1.27,86.67,0
5,0.34,23.61,1
3,1.47,13.89,0
0,0.55,9.55,1
10,0.19,73.6,1
2,1.37,40.34,0
5,0.75,76.98,0
3,0.53,92.22,1
2,1.45,8.38,0
0,1.01,4.83,0
10,0.98,76.72,0
9,1.85,16.62,0
1,1.76,22.93,0
4,1.76,12.97,0
1,1.0,57.87,0
1,1.34,16.22,0
9,1.54,59.33,0
3,1.02,55.23,0
2,1.81,26.05,0
5,0.74,23.13,1
9,0.63,30.87,1
7,0.73,88.48,1
10,1.35,67.55,0
8,0.44,21.32,1
6,1.93,68.08,0
4,0.46,89.7,0
8,0.4,63.43,1
8,0.25,3.64,1
9,1.73,70.4,0
9,0.41,7.0,1
2,0.16,98.04,1
7,0.12,29.98,1
4,1.59,35.15,0
3,1.12,63.72,0
4,0.61,20.64,1
4,1.74,16.47,0
0,1.31,26.98,0
1,1.44,54.16,0
5,0.83,91.79,1
9,0.67,19.97,1
8,1.4,74.58,0
3,1.29,34.76,0
6,0.54,78.09,1
0,0.54,71.98,0
5,1.73,33.4,0
2,1.63,59.46,0
8,0.39,18.57,1
9,0.83,18.13,1
4,0.95,41.19,1
3,1.14,26.62,0
3,1.25,85.65,0
1,1.83,57.78,0
10,0.86,89.94,0
7,1.05,8.51,0
2,0.4,42.13,0
3,0.53,56.01,1
4,0.16,79.0,1
10,0.92,6.71,1
8,0.4,49.46,1
2,0.84,80.3,0
5,1.18,63.18,0
9,0.89,54.3,1
2,1.04,29.41,0
7,1.39,79.24,0
1,1.22,97.2,0
5,1.06,11.82,1
8,1.28,2.35,0
2,0.26,17.01,1
3,1.08,39.65,0
6,0.86,33.62,1
3,0.39,25.87,1
7,1.53,83.28,0
2,0.96,8.18,0
8,1.69,97.88,0
1,1.97,75.5,0
7,1.45,9.02,0
7,1.92,94.54,0
3,0.17,22.07,1
5,1.34,86.75,0
9,1.74,82.09,0
0,0.28,38.3,1
7,1.0,31.79,0
4,1.05,50.61,0
4,1.35,57.14,0
4,0.91,91.67,0
1,1.33,69.81,0
3,0.35,92.23,0
5,1.74,79.99,0
8,1.76,40.3,0
0,1.83,61.96,0
6,0.76,42.91,1
5,1.03,23.11,0
2,1.29,51.68,0
2,1.64,47.22,0
8,1.26,25.75,0
2,0.25,97.59,0
3,0.1,73.67,1
1,1.15,13.06,0
7,0.95,42.63,0
10,1.35,90.64,1
4,0.33,67.43,1
3,1.56,35.56,0
8,1.54,55.42,0
0,0.29,17.95,1
3,0.71,62.27,0
1,1.94,76.17,0
8,0.64,53.74,1
4,1.97,31.69,0
2,1.47,64.33,0
2,1.99,9.11,0
6,1.1,60.96,0
6,1.16,2.59,0
6,1.66,20.06,0
8,0.25,20.11,1
10,0.86,35.18,1
4,1.24,14.14,0
7,0.77,58.13,0
6,1.24,4.4,0
0,0.46,96.11,0
9,1.74,36.6,0
7,1.47,8.23,0
4,0.34,70.29,1
7,1.6,18.73,0
1,1.3,20.48,0
8,0.71,32.86,0
4,1.54,55.44,0
0,1.85,60.0,0
5,1.13,87.59,0
5,1.3,41.76,0
7,0.56,7.81,1
0,1.37,1.07,0
5,1.94,11.61,0
10,0.19,88.04,1
3,1.91,39.65,0
2,1.38,4.98,0
4,0.75,31.07,0
1,0.95,34.99,0
8,0.89,65.14,1
6,1.1,50.38,1
0,1.22,68.09,0
10,1.11,54.7,0
7,1.75,91.26,0
9,1.56,31.86,0
3,1.75,18.6,0
10,1.51,65.85,0
6,0.82,52.16,0
0,0.77,60.69,0
9,0.17,63.65,1
0,1.82,48.46,0
7,1.48,36.69,0
3,1.92,87.95,0
1,1.94,69.31,0
1,0.9,61.13,0
1,1.77,33.66,0
9,1.48,57.57,0
8,0.38,33.14,1
4,1.55,83.99,0
1,1.6,44.51,0
1,0.57,72.99,1
4,0.13,26.07,1
3,1.18,31.87,0
6,1.1,98.53,0
5,0.95,11.62,0
7,1.13,72.39,0
9,0.12,39.65,1
0,1.79,64.61,0
8,0.39,16.07,1
0,0.98,5.02,0
3,0.85,87.57,0
1,1.27,65.0,0
8,1.71,85.46,0
3,1.71,62.3,0
7,0.5,46.78,1
0,1.26,10.53,0
5,1.8,56.74,0
6,1.34,65.44,0
7,1.4,30.45,0
5,1.35,68.8,0
7,1.64,86.95,0
9,0.6,23.44,1
5,1.61,93.85,0
8,1.31,81.79,0
3,1.58,94.27,0
0,1.69,44.33,0
8,1.59,55.35,0
2,1.0,62.79,0
4,0.29,3.48,1
8,1.05,27.82,0
3,1.33,65.44,0
7,1.64,54.84,0
9,0.53,92.75,1
8,1.75,12.27,0
5,1.43,91.66,0
5,1.3,40.3,0
0,1.26,38.41,0
4,0.38,49.98,1
5,1.23,91.72,0
6,1.89,37.18,0
9,1.9,40.69,0
4,1.64,29.68,0
9,0.76,3.78,1
4,0.78,94.81,0
0,1.9,25.13,0
9,1.63,27.88,0
0,0.76,72.74,0
8,1.1,81.74,0
10,1.12,43.66,0
8,1.31,92.93,0
9,1.37,91.03,0
9,1.8,84.32,0
10,0.28,61.05,1
8,0.24,43.42,1
4,0.51,79.78,0
5,1.17,8.72,0
5,0.67,2.2,1
1,0.12,4.66,1
0,0.32,62.75,0
5,0.29,37.16,1
1,1.9,62.3,0
1,1.83,93.13,0
6,0.11,61.08,1
0,1.93,52.83,0
3,1.03,89.23,0
3,0.17,55.99,1
6,0.23,29.23,1
2,1.65,30.98,0
3,1.46,70.78,0
6,0.11,63.11,1
8,1.23,42.48,0
8,1.81,73.87,0
1,1.31,87.44,0
6,1.5,53.13,0
9,1.17,62.21,0
0,0.45,83.3,0
6,0.29,48.86,1
1,0.37,59.12,1
2,1.22,38.3,0
1,0.83,99.7,0
0,0.56,3.5,0
10,1.54,75.15,0
8,0.24,81.48,1
2,0.8,55.3,0
10,0.64,64.47,1
3,0.32,92.5,1
8,1.26,81.35,0
5,0.33,66.08,1
0,0.74,82.96,0
7,0.8,8.11,1
8,1.13,51.95,0
6,0.96,97.69,0
7,0.81,56.21,1
9,0.64,64.96,1
8,0.85,2.68,1
6,1.6,51.94,0
9,1.25,30.27,0
10,1.3,36.4,0
2,1.93,64.71,0
7,1.48,39.94,0
6,0.86,90.92,1
2,1.62,32.32,0
7,1.69,13.01,0
0,1.89,79.67,0
7,0.69,83.13,1
1,1.7,69.8,0
4,1.6,13.95,0
7,0.32,76.41,1
6,1.51,23.42,0
0,0.77,5.11,0
6,1.52,19.92,0
4,1.61,42.31,0
7,1.21,38.61,0
1,1.69,21.6,0
3,0.68,77.56,0
0,0.82,26.88,0
5,0.52,21.52,0
0,0.87,20.78,0
9,0.22,70.09,1
2,0.83,43.77,0
0,0.98,46.27,0
1,0.8,28.15,0
10,0.31,22.43,1
7,1.44,96.08,0
4,1.85,73.02,0
7,0.38,96.67,1
6,1.52,5.85,0
6,1.33,36.51,0
10,0.74,28.34,1
9,1.46,36.92,0
9,1.4,11.5,0
2,1.05,2.62,0
7,1.39,34.48,0
5,1.82,7.3,0
10,1.39,42.31,0
10,1.36,77.71,1
8,1.49,97.84,0
2,1.29,52.37,0
2,1.22,25.49,0
10,1.64,53.76,0
2,1.07,48.18,0
2,0.22,89.84,1
6,1.04,89.59,0
6,1.62,27.97,0
10,1.74,35.91,0
3,0.24,91.33,0
0,0.49,32.48,0
2,0.96,21.58,0
5,0.73,7.11,0
10,0.4,57.69,1
9,1.76,54.1,0
0,1.69,85.16,0
4,0.81,34.48,0
2,1.97,70.98,0
0,1.19,34.63,0
9,1.58,74.6,0
5,0.58,4.48,0
7,0.55,5.26,1
3,1.41,53.61,0
1,1.77,60.0,0
3,1.21,70.07,0
6,1.59,27.61,0
7,1.21,61.4,0
4,1.25,13.66,0
9,1.88,58.0,0
4,0.51,65.85,0
6,1.65,31.98,0
4,0.38,60.5,1
9,1.65,62.27,0
4,0.99,65.51,0
7,0.75,40.49,1
6,1.99,67.82,0
4,1.88,9.78,0
2,0.43,99.58,1
4,1.43,96.68,0
2,1.38,29.68,0
2,0.67,60.34,0
8,1.89,11.13,0
7,0.8,29.55,1
7,1.48,40.84,0
0,0.19,53.17,1
0,0.86,15.51,0
1,1.75,88.31,0
5,1.41,89.1,0
6,1.57,65.13,0
6,0.92,44.24,0
2,1.12,13.31,0
6,1.42,32.94,0
1,0.34,82.35,0
9,1.28,58.25,0
2,0.6,12.59,0
2,1.71,26.55,0
4,0.33,63.84,1
2,1.07,99.64,0
4,1.63,20.52,0
5,0.56,50.62,1
5,0.93,34.34,1
3,1.54,94.52,0
7,0.77,96.9,1
2,1.81,64.61,0
1,1.86,12.8,0
2,1.59,18.09,0
0,1.28,8.81,0
6,0.82,21.32,1
4,1.47,12.0,0
6,1.01,93.38,0
6,0.2,93.42,1
8,0.82,13.34,0
6,0.32,61.19,1
8,1.77,46.33,0
5,1.45,98.68,0
5,1.79,48.83,0
3,1.69,20.1,0
4,0.84,59.4,0
7,1.29,82.1,0
5,1.55,84.26,0
2,0.86,4.18,0
4,0.52,40.7,0
3,1.78,65.97,0
6,0.88,49.78,1
10,0.95,9.64,0
1,1.52,84.77,0
8,0.73,11.93,1
3,0.16,77.43,1
0,1.18,54.37,0
5,1.08,42.56,0
8,1.18,28.39,0
1,0.69,37.24,0
0,0.48,55.97,0
6,0.67,18.34,1
0,0.27,69.21,0
6,1.19,23.73,0
1,1.51,43.91,0
4,1.62,56.32,0
10,1.85,80.86,0
2,1.17,26.51,0
8,0.2,7.75,1
10,1.72,61.41,0
5,0.32,19.67,1
7,0.5,14.32,1
3,0.17,75.78,1
2,0.24,80.51,1
2,0.7,81.42,0
3,1.3,45.12,0
4,1.4,9.89,0
4,1.87,37.0,0
4,0.12,39.66,1
6,0.39,39.05,1
4,0.92,11.71,0
3,1.94,64.05,0
1,1.56,37.34,0
6,1.97,40.41,0
0,1.17,91.18,0
6,1.48,63.1,0
10,0.51,82.33,1
2,1.15,23.26,0
9,1.53,78.94,0
9,0.56,83.99,1
2,1.55,22.36,0
6,0.38,39.35,1
1,1.73,79.83,0
3,0.7,87.6,1
3,1.38,85.2,0
3,1.57,55.63,0
6,0.51,10.43,1
7,1.53,4.78,0
6,0.16,54.19,1
8,0.34,23.79,1
9,0.69,21.7,1
3,0.5,4.29,1
3,1.26,78.3,0
2,1.39,74.16,0
2,1.51,47.75,0
8,1.83,29.34,0
10,0.12,66.29,1
2,0.91,99.94,0
2,1.55,93.23,0
2,1.45,59.28,0
7,1.91,62.33,0
2,1.87,56.4,0
2,0.23,37.2,1
6,1.75,96.02,0
1,1.82,80.69,0
0,0.78,34.98,0
5,0.78,29.83,0
4,1.8,72.36,0
9,1.39,5.27,0
0,1.59,48.03,0
0,1.8,6.12,0
1,1.14,35.02,0
6,0.67,63.8,1
8,0.65,13.29,1
0,1.14,20.28,0
2,1.24,72.41,0
0,1.19,70.42,0
3,0.17,72.7,1
8,1.02,25.75,0
0,0.34,33.89,0
5,1.23,1.4,0
1,0.41,60.23,0
3,1.19,48.77,0
0,1.99,71.02,0
2,1.36,34.72,0
9,1.42,87.39,0
3,0.35,51.79,1
7,1.52,61.83,0
3,0.17,17.05,0
9,1.64,38.67,0
4,0.14,97.82,1
9,0.62,56.73,1
9,1.33,91.96,0
5,1.13,30.44,0
6,1.54,6.62,0
10,1.72,68.71,0
1,1.66,54.0,0
5,1.37,80.98,0
9,0.8,31.93,1
10,1.95,13.33,0
10,0.19,20.64,1
10,1.71,18.86,0
8,0.67,64.79,1
2,0.12,43.37,1
5,0.34,86.89,1
9,1.82,87.53,0
0,0.68,99.23,0
0,0.43,66.28,1
3,0.61,60.05,1
10,1.74,98.29,0
0,1.14,96.9,0
8,0.83,43.94,0
10,1.89,39.24,0
2,0.76,61.08,0
3,1.53,89.45,0
7,0.98,47.45,0
7,0.64,83.96,1
3,0.14,78.69,1
3,0.51,82.5,0
4,1.31,23.24,0
0,0.75,82.4,0
5,1.07,84.13,0
6,1.81,88.51,0
10,0.25,57.83,1
9,0.13,28.71,1
7,0.59,82.68,1
0,0.74,69.77,0
9,1.04,22.44,1
7,1.53,66.17,0
6,0.41,98.75,1
2,1.91,14.48,0
2,1.02,21.61,0
10,0.44,82.35,1
2,0.64,91.66,0
5,0.95,40.44,1
7,0.41,75.14,1
2,0.8,68.54,0
8,1.4,55.63,0
5,1.15,5.44,0
9,1.0,78.84,1
0,1.94,57.64,0
5,0.48,58.66,0
3,0.67,88.98,0
4,0.11,82.12,1
4,1.37,2.13,0
7,0.4,26.38,1
10,1.55,2.14,0
4,0.91,16.4,1
2,1.73,33.24,0
1,0.67,10.17,1
7,1.45,16.93,0
0,1.39,77.65,0
5,1.15,88.86,0
4,1.95,19.63,0
9,1.32,52.24,0
8,1.77,8.41,0
9,0.66,53.08,1
10,0.3,43.51,1
7,0.2,32.53,1
7,1.73,17.67,0
4,1.22,70.85,0
9,1.34,48.26,0
1,1.6,55.81,0
8,0.76,97.99,1
10,0.46,50.36,1
1,1.4,30.13,0
10,1.65,6.01,0
5,1.11,4.19,0
2,0.98,99.43,0
3,1.37,50.18,0
7,1.63,74.5,0
5,1.39,50.66,0
2,0.16,9.9,1
3,0.89,87.94,0
1,1.53,95.19,0
5,1.47,24.67,0
3,0.88,71.6,0
6,0.79,1.14,1
0,1.46,40.93,0
5,0.23,63.78,1
1,1.98,56.59,0
7,1.24,31.86,0
0,1.25,74.38,0
1,0.58,36.92,0
0,1.97,5.57,0
5,1.71,89.17,0
2,1.5,25.1,0
5,1.45,28.02,0
5,0.65,54.07,1
0,0.61,98.93,0
6,0.49,58.47,0
10,1.97,77.02,0
2,1.49,71.85,0
10,1.56,82.12,0
3,1.15,70.14,0
6,1.32,65.18,0
6,0.18,17.08,1
3,0.17,98.99,1
10,0.26,56.94,1
8,1.68,57.66,0
4,0.18,2.28,1
7,1.61,16.64,0
4,1.41,11.02,0
10,1.29,17.04,0
4,0.91,96.26,0
8,1.55,14.11,0
10,0.87,42.0,1
10,1.7,41.31,0
0,1.87,8.82,0
4,0.2,51.65,1
6,0.32,91.85,1
5,1.18,97.1,0
6,0.8,5.58,1
0,0.51,86.82,0
9,0.59,95.21,1
3,0.28,17.23,1
7,1.73,46.57,0
6,0.47,63.49,1
9,1.65,75.26,0
3,0.37,17.84,0
0,1.3,90.19,0
7,0.74,48.75,1
1,1.18,94.09,0
7,0.56,12.51,1
7,0.55,68.64,1
2,0.21,69.36,1
3,1.68,14.2,0
5,0.82,7.54,0
4,0.11,62.86,1
0,1.54,64.14,0
10,1.05,12.08,0
1,0.18,69.44,1
8,0.31,1.81,1
4,1.61,2.72,0
1,1.81,77.8,0
4,0.63,45.88,0
1,1.24,43.88,0
9,0.43,31.86,1
3,1.1,86.26,0
10,0.62,40.02,1
10,1.65,36.18,0
6,1.72,26.73,0
6,0.15,49.56,1
5,1.14,51.78,0
2,0.76,82.3,0
8,1.46,83.31,0
10,0.78,9.47,1
1,1.42,28.33,0
4,0.35,6.95,0
10,1.14,53.35,1
1,1.23,83.32,0
8,1.5,65.45,0
2,1.48,8.4,0
7,1.76,12.37,0
1,1.44,90.18,0
10,1.1,22.27,0
2,1.26,38.3,0
4,1.29,95.65,0
6,0.35,15.67,1
2,0.36,66.82,1
1,1.14,87.16,0
0,1.36,51.58,0
9,1.65,62.96,0
8,0.75,60.21,1
9,0.54,88.61,1
7,0.72,30.76,1
0,0.29,24.3,0
2,1.75,23.07,0
2,1.3,48.59,0
1,1.26,55.69,0
4,0.44,30.4,1
0,0.58,10.79,0
4,0.64,47.05,1
7,1.94,44.44,0
10,0.15,49.97,1
4,0.62,36.58,0
5,1.15,69.95,0
4,0.94,10.94,0
9,1.67,45.68,0
7,1.06,21.52,0
6,0.38,33.24,1
7,0.55,26.87,1
8,0.88,8.1,0
6,1.18,22.75,0
1,1.46,66.38,0
5,0.1,69.91,1
3,1.14,11.41,0
3,0.16,69.97,1
9,0.93,83.09,0
0,0.83,41.02,0
9,1.65,20.48,0
9,0.4,37.33,1
6,0.34,94.73,1
0,0.76,46.59,0
10,1.01,11.31,0
7,1.28,47.99,0
1,1.67,97.46,0
4,0.75,78.26,0
3,1.19,49.89,0
4,1.75,62.4,0
9,0.4,1.92,1
8,0.55,86.79,1
3,1.29,85.54,0
1,1.93,34.3,0
8,1.32,72.86,0
2,0.16,27.93,0
10,0.69,67.42,1
9,1.65,94.91,0
4,1.62,52.57,0
10,0.38,24.26,1
2,1.34,45.4,0
4,1.37,84.49,0
6,0.4,97.66,1
3,0.34,23.76,1
0,1.7,99.15,0
1,1.8,12.8,0
2,0.54,1.71,0
1,1.38,71.16,0
7,0.15,5.07,1
3,1.66,55.88,0
1,0.94,33.88,0
1,1.87,62.48,0
7,0.77,96.96,0
1,1.06,9.95,0
7,0.17,4.3,1
9,1.44,10.48,0
0,0.57,61.51,0
5,0.89,35.83,1
4,0.29,90.33,1
0,0.6,19.98,0
5,0.31,40.21,1
8,0.74,57.0,1
3,0.18,8.7,1
8,0.29,84.81,1
8,1.09,15.63,1
4,0.69,57.73,0
6,1.4,71.02,0
3,0.42,94.3,1
2,0.4,90.86,1
10,0.57,46.44,1
6,1.64,27.83,0
8,1.05,22.59,1
7,1.88,37.06,0
7,0.47,15.58,1
6,1.45,98.31,0
5,0.98,31.86,0
4,1.14,94.45,0
0,1.34,97.45,0
8,0.29,49.38,1
6,0.11,65.97,1
4,0.76,90.77,0
9,0.18,91.77,1
8,1.52,23.42,0
1,0.88,81.71,0
4,1.08,85.82,0
1,1.84,59.3,0
9,0.97,52.73,1
7,1.86,28.9,0
10,1.96,72.26,0
4,1.49,50.53,0
0,1.82,68.99,0
1,0.46,71.54,1
2,1.45,15.65,0
0,1.28,19.37,0
3,1.43,53.96,0
6,1.7,58.49,0
5,0.2,69.05,1
8,0.56,83.43,1
10,0.17,54.54,1
0,0.9,78.24,0
1,0.11,44.39,0
7,1.21,62.73,0
3,0.34,13.55,1
2,1.67,85.45,0
2,1.01,95.76,0
0,1.71,89.06,0
4,1.51,54.78,0
4,1.5,17.52,0
9,0.24,96.37,1
10,0.65,95.71,1
2,1.97,81.52,0
6,0.39,69.43,1
6,1.99,89.2,0
7,1.17,27.53,0
5,1.16,54.04,0
6,0.39,69.69,1
3,0.63,98.2,0
5,0.92,81.82,0
4,0.87,41.94,0
5,0.19,60.58,1
7,1.91,24.43,0
7,1.26,70.78,0
0,1.67,55.86,0
5,0.71,61.53,1
0,1.19,91.47,0
3,0.29,99.23,1
0,1.55,74.65,0
6,1.96,2.98,0
3,1.92,12.14,0
0,1.24,19.31,0
3,1.48,44.31,0
1,0.19,43.97,1
10,1.1,62.25,1
9,1.38,58.49,0
1,0.95,72.06,0
9,1.47,62.8,0
6,1.55,88.67,0
1,1.72,34.13,0
6,0.55,62.95,1
3,1.26,53.96,0
7,1.87,77.29,0
9,0.27,95.35,1
9,0.32,36.31,1
9,1.91,42.84,0
4,0.92,21.72,0
0,1.04,60.46,0
9,0.78,37.84,1
0,1.81,42.61,0
6,1.14,4.95,0
6,1.73,54.44,0
5,0.99,61.37,1
7,0.59,34.17,1
3,0.59,50.8,0
0,0.56,91.28,0
10,1.69,2.46,0
7,1.5,87.5,0
9,0.63,3.92,1
5,0.57,31.69,1
1,0.41,1.78,0
10,0.84,45.46,1
8,0.94,49.71,1
1,1.88,60.88,0
8,0.79,84.72,1
7,1.45,94.33,0
0,0.74,55.74,0
0,0.31,24.75,1
0,1.98,30.79,0
0,0.13,47.84,0
0,0.46,26.64,0
3,0.8,36.59,0
0,1.12,86.32,0
9,0.24,86.16,1
8,0.84,10.07,1
4,1.76,50.54,0
9,0.5,16.57,1
5,0.88,29.78,0
5,0.88,22.53,0
1,1.28,1.73,0
2,1.93,28.34,0
10,1.07,24.02,1
9,1.77,36.66,0
8,0.98,53.05,0
2,0.95,80.59,0
0,1.85,57.85,0
6,0.96,52.91,0
0,0.37,5.27,0
2,1.92,63.48,0
5,1.13,99.54,0
10,1.18,54.28,0
4,0.67,39.43,1
8,0.81,38.48,1
2,1.48,56.56,0
1,1.28,39.52,0
7,1.47,12.43,0
0,1.27,85.76,0
6,1.09,78.68,0
8,1.23,30.76,0
7,1.98,95.0,0
3,1.24,15.22,0
1,1.11,25.4,0
8,0.51,54.08,1
8,0.82,97.15,1
10,1.95,56.88,0
3,0.51,50.2,1
0,1.21,93.61,0
9,0.78,66.0,1
2,1.67,38.68,0
0,0.67,46.7,0
0,1.82,69.99,0
6,1.87,78.61,0
1,0.69,19.49,0
0,0.41,2.44,0
5,1.51,57.91,0
6,1.92,25.39,0
10,0.42,67.38,1
2,1.4,91.78,0
7,1.28,93.39,0
10,1.94,17.91,0
5,0.65,98.67,0
10,1.3,3.04,1
1,0.58,88.91,1
6,1.7,67.47,0
10,1.64,70.0,0
9,1.7,17.41,0
10,0.42,49.97,1
1,0.93,43.46,0
3,1.47,56.16,0
8,0.92,70.76,1
4,0.42,86.77,1
7,1.79,38.62,0
8,0.46,64.43,1
8,1.23,10.65,0
8,0.43,83.98,1
1,1.84,26.33,0
8,1.34,8.63,0
3,1.27,22.86,0
4,0.67,51.69,1
10,0.45,99.24,1
5,1.01,14.56,0
1,1.21,22.55,0
4,0.17,76.24,1
8,1.07,65.94,1
1,0.46,66.16,0
3,0.8,10.03,1
10,1.61,68.79,0
10,0.44,35.01,1
3,0.26,79.96,1
4,0.39,33.87,0
5,1.42,66.68,0
3,1.77,98.1,0
3,1.24,13.39,0
1,1.55,68.62,0
10,0.54,71.58,1
7,0.8,99.63,0
7,0.55,90.14,1
0,1.17,95.61,0
7,0.36,15.36,1
0,0.67,28.99,0
4,1.41,10.45,0
4,1.3,57.22,0
6,0.71,16.28,1
5,1.16,57.63,0
6,0.95,83.17,1
3,1.4,14.57,0
1,0.1,69.44,1
9,1.36,66.79,0
3,0.5,63.27,0
8,0.97,52.3,0
3,0.92,65.68,0
1,0.73,6.78,0
8,0.31,26.89,1
6,1.28,14.02,0
6,1.91,10.47,0
8,0.71,24.73,1
9,0.56,44.44,1
10,1.35,69.91,0
6,1.33,86.44,0
10,1.2,51.95,1
10,1.45,42.71,0
8,0.21,45.23,1
7,0.24,37.32,1
4,1.69,99.22,0
2,1.64,55.09,0
4,0.97,10.12,0
4,0.73,73.97,0
5,0.49,40.46,0
2,1.35,65.43,0
6,1.42,55.09,0
10,1.66,65.78,0
10,1.87,56.55,0
4,1.52,45.53,0
8,1.01,94.35,1
5,0.8,38.82,1
5,0.8,77.47,0
2,0.37,98.1,0
2,1.64,39.53,0
1,0.62,77.18,0
6,1.41,86.37,0
6,0.21,81.61,1
4,0.24,2.13,1
9,1.16,47.7,0
5,1.6,34.59,0
0,0.97,61.53,0
7,0.98,32.07,0
9,1.91,10.93,0
10,1.28,40.53,0
4,0.63,49.69,0
10,0.39,7.42,1
1,0.62,96.93,0
8,1.47,20.95,0
1,1.67,34.53,0
10,1.36,55.77,0
9,0.44,87.81,1
4,1.48,93.15,0
1,1.58,91.15,0
1,1.02,85.71,0
6,0.83,34.32,0
9,1.06,51.65,0
6,1.52,27.97,0
3,1.21,25.07,0
9,1.47,23.87,0
6,0.96,2.44,1
6,1.48,1.95,0
10,1.36,82.86,1
2,0.18,16.12,1
3,0.15,30.67,1
6,0.47,6.21,1
9,1.59,37.65,0
7,1.67,62.29,0
9,1.37,68.76,0
2,0.13,10.64,1
4,0.48,77.73,1
3,1.38,12.02,0
9,1.66,45.52,0
7,1.45,93.95,0
6,0.39,2.08,1
6,1.2,77.43,0
2,0.52,15.79,0
8,0.48,32.5,1
5,1.53,68.29,0
2,1.62,24.4,0
3,1.17,43.4,0
1,0.62,37.13,0
2,1.52,95.34,0
3,1.91,33.91,0
7,1.38,48.66,0
0,1.42,99.3,0
5,1.27,59.21,0
8,0.36,69.1,1
6,0.99,13.1,1
3,1.48,99.48,0
3,1.9,82.23,0
10,1.74,37.22,0
8,0.2,78.65,1
6,1.07,92.04,0
7,1.08,58.52,0
2,1.18,59.85,0
2,1.42,36.47,0
7,1.94,62.43,0
4,1.25,70.1,0
3,0.55,32.93,1
2,0.43,68.35,0
0,1.35,96.42,0
6,1.92,76.26,0
1,0.25,19.44,1
9,1.46,1.01,0
4,0.28,51.61,1
8,1.32,18.96,0
8,0.48,21.33,1
3,1.63,69.91,0
2,1.71,10.19,0
0,0.28,22.62,1
6,0.88,18.41,0
8,1.39,53.62,0
0,1.93,89.47,0
6,0.64,12.41,0
5,0.77,61.86,1
10,0.93,61.42,1
1,1.33,98.84,0
10,0.21,82.87,1
1,1.78,5.98,0
7,0.97,11.62,0
2,1.23,85.55,0
3,0.63,86.5,0
9,0.43,7.61,1
7,0.75,27.8,1
2,0.9,19.82,0
2,0.59,45.19,0
4,0.77,20.06,0
2,1.69,65.89,0
9,0.84,94.58,0
4,0.16,39.08,1
0,0.45,19.08,0
3,0.56,89.58,0
0,1.43,52.92,0
0,0.68,28.14,0
0,1.15,39.92,0
1,1.78,97.94,0
9,1.09,91.18,0
9,0.52,50.78,1
5,1.03,33.96,0
9,1.59,17.45,0
6,0.81,27.97,1
7,1.45,62.88,0
5,0.99,79.03,0
8,0.57,93.69,1
4,0.48,35.96,0
7,0.16,34.92,1
2,1.31,78.53,0
6,1.37,73.72,0
6,1.46,13.26,0
1,1.91,14.87,0
4,1.93,78.56,0
5,1.41,65.73,0
9,1.14,96.91,0
9,0.96,48.46,0
1,0.87,62.56,0
1,1.88,7.76,0
3,0.65,46.83,0
8,0.39,32.84,1
0,1.32,93.97,0
1,1.54,46.93,0
0,0.33,72.79,1
7,0.81,94.57,1
9,1.46,8.62,0
8,1.85,55.19,0
9,1.78,42.22,0
7,1.43,40.8,0
10,0.18,94.85,1
4,1.48,1.19,0
3,1.4,44.97,0
0,0.15,69.52,1
8,0.87,16.06,1
7,1.04,76.52,1
7,1.62,94.75,0
6,1.99,53.55,0
0,1.29,35.6,0
6,1.61,95.88,0
2,1.96,77.92,0
9,1.03,51.68,0
0,0.37,99.46,0
1,0.17,96.5,1
0,1.01,7.21,0
0,1.27,52.7,0
2,0.64,87.91,1
6,1.21,25.01,0
0,0.84,31.86,0
9,1.94,20.86,0
3,0.16,5.6,1
6,1.57,58.54,0
7,1.99,73.85,0
3,0.87,67.84,0
10,0.53,45.25,1
0,1.24,61.56,0
1,1.59,57.62,0
5,0.51,81.22,0
8,0.87,93.52,0
0,0.77,43.45,0
1,1.11,70.27,0
10,0.86,60.11,1
4,0.92,5.2,1
10,0.95,14.72,1
1,1.53,54.37,0
3,1.26,93.24,0
1,1.9,25.02,0
6,1.53,60.27,0
5,0.6,31.32,0
9,0.1,71.04,1
0,1.5,7.77,0
1,0.2,49.92,0
9,1.29,30.32,0
5,0.36,12.32,1
9,1.23,63.42,0
6,1.17,13.44,0
8,1.96,57.73,0
0,1.63,4.63,0
2,0.39,37.12,0
2,1.71,97.89,0
8,1.14,89.98,0
6,1.91,31.55,0
7,1.13,39.24,0
8,0.4,79.74,1
6,1.38,33.45,0
2,0.96,27.84,0
3,1.7,7.35,0
9,0.97,6.83,0
2,1.67,98.94,0
6,0.68,61.89,0
9,0.4,58.79,1
10,1.73,89.39,0
9,0.22,39.21,1
7,0.11,8.9,1
3,0.75,95.37,0
5,1.35,65.1,0
1,0.32,22.23,1
10,1.46,80.22,0
4,0.84,98.5,0
6,1.34,96.44,0
9,0.87,9.92,1
3,1.62,30.8,0
10,1.36,75.88,0
6,0.55,86.86,1
2,1.25,63.91,0
3,1.91,73.24,0
3,0.16,94.84,1
5,1.5,35.1,0
9,0.54,56.45,1
10,1.96,50.82,0
1,1.01,25.19,0
6,1.13,89.05,0
1,1.03,75.78,0
8,1.38,54.53,0
9,1.37,5.44,0
2,1.81,12.93,0
7,0.58,23.7,1
9,1.71,87.19,0
9,0.4,45.12,1
5,0.84,62.82,0
9,1.09,91.64,0
7,0.78,29.76,0
4,1.43,61.33,0
4,1.58,31.7,0
1,0.37,56.82,1
0,0.31,42.11,1
7,1.12,83.67,1
5,0.85,34.85,0
1,1.16,57.25,0
2,1.16,24.7,0
9,0.4,49.72,1
8,1.42,9.49,0
9,1.93,45.51,0
8,1.15,64.86,1
1,1.24,75.12,0
2,1.78,61.92,0
8,1.05,13.34,0
6,1.32,53.15,0
1,1.69,71.48,0
5,1.02,13.79,0
6,1.09,11.04,0
5,0.12,61.19,1
8,1.04,49.49,1
1,1.19,14.77,0
7,0.19,78.65,1
2,0.83,47.58,0
7,0.81,1.11,1
1,1.63,30.11,0
9,1.2,45.21,0
2,0.32,35.26,0
0,1.93,34.41,0
5,1.73,52.89,0
10,0.62,28.87,1
3,1.73,63.31,0
1,1.65,12.15,0
3,1.07,46.7,0
2,1.75,75.87,0
7,0.56,23.52,1
5,1.2,1.59,0
7,0.7,20.95,1
9,0.86,48.5,0
2,0.39,94.42,1
1,1.09,92.13,0
9,1.0,3.21,0
9,1.55,51.42,0
7,0.3,49.55,1
4,1.06,39.23,0
1,1.54,85.68,0
0,1.22,17.79,0
10,1.61,23.96,0
10,1.37,56.87,1
4,0.42,48.93,1
1,0.91,60.29,0
6,1.36,30.03,0
7,0.49,37.48,1
0,1.32,18.41,0
10,1.47,71.51,0
10,1.06,7.22,0
7,1.84,19.21,0
6,1.53,62.54,0
9,1.28,80.31,1
6,1.38,68.77,0
2,0.31,53.26,0
6,1.5,32.2,0
4,1.46,94.08,0
6,1.48,24.51,0
8,0.57,83.16,1
4,1.82,36.0,0
5,1.36,10.24,0
4,0.88,81.75,1
5,1.25,81.99,0
6,1.09,93.98,0
8,1.11,79.07,0
4,0.35,92.7,1
1,1.04,84.36,0
6,1.97,6.17,0
9,1.94,30.58,0
2,1.64,43.06,0
8,0.69,39.58,1
9,0.56,1.7,1
1,0.77,31.27,0
1,1.08,19.16,0
9,1.06,55.84,0
0,1.7,19.09,0
0,0.77,77.82,0
0,0.24,90.99,0
10,0.37,98.6,1
0,1.76,7.84,0
8,0.23,1.34,1
3,1.98,77.51,0
2,0.18,67.82,1
2,0.62,95.26,0
10,0.79,51.73,1
9,0.12,38.82,1
3,1.1,85.84,0
2,0.3,95.12,1
3,1.81,49.33,0
9,1.54,72.14,0
1,0.72,61.7,0
4,1.12,72.25,0
3,1.63,12.61,0
2,1.24,46.42,0
10,1.37,33.22,0
0,1.22,39.64,0
1,1.6,85.64,0
1,0.26,35.31,0
0,1.47,93.86,0
7,0.39,44.84,1
4,1.78,1.94,0
6,1.68,74.0,0
0,1.13,66.68,0
2,1.63,28.12,0
2,1.49,85.35,0
6,0.18,99.94,1
5,1.67,31.01,0
9,1.4,47.28,0
1,1.02,29.36,0
3,1.62,10.11,0
2,1.56,31.58,0
0,0.28,1.15,0
10,1.91,38.59,0
5,1.28,51.57,0
0,0.27,37.26,1
8,1.3,86.03,0
8,0.37,39.69,1
9,1.92,57.89,0
7,0.45,71.11,1
1,1.7,53.94,0
1,0.96,48.9,0
4,0.47,79.89,1
2,1.88,19.4,0
9,0.65,6.03,1
3,1.69,12.55,0
1,1.54,30.77,0
5,0.48,97.13,0
8,0.23,92.79,1
10,0.14,16.09,1
9,1.69,1.14,0
1,1.1,54.66,0
7,1.5,40.06,0
10,1.61,74.19,0
7,1.82,96.02,0
2,0.62,95.03,0
5,1.7,45.29,0
7,0.51,72.39,1
4,1.22,97.7,0
5,1.19,40.84,0
8,1.78,50.56,0
6,0.27,80.89,1
0,0.92,82.37,0
7,0.13,31.91,1
3,1.96,30.16,0
10,0.54,78.95,1
3,1.89,15.61,0
5,0.41,53.01,1
3,1.04,76.6,0
5,1.79,8.7,0
9,1.12,23.09,1
6,0.47,31.08,1
8,1.56,49.39,0
4,0.56,2.06,0
8,1.15,58.93,0
8,0.7,93.17,1
7,0.81,13.17,1
2,1.16,39.98,0
7,0.93,33.52,1
0,0.96,44.97,0
0,0.14,37.85,1
3,1.47,14.64,0
5,1.49,67.7,0
7,1.42,39.56,0
10,0.48,33.33,1
3,0.1,65.87,1
2,1.55,57.22,0
3,0.58,18.8,0
6,0.56,58.15,1
3,1.63,76.15,0
0,1.54,65.05,0
6,1.23,42.1,0
9,0.45,42.41,1
8,0.99,54.56,0
3,1.3,68.56,0
1,0.55,27.09,0
2,1.61,78.66,0
7,0.61,59.02,0
8,1.4,40.51,0
7,1.94,30.83,0
2,0.34,36.3,1
10,1.2,1.4,0
1,1.36,68.97,0
8,1.71,91.42,0
3,1.53,82.6,0
5,0.89,50.24,1
0,0.6,4.81,1
8,1.81,58.32,0
0,1.44,21.77,0
1,1.27,40.17,0
2,1.89,47.77,0
6,1.0,21.86,0
1,0.62,61.41,0
10,0.18,19.63,1
1,1.35,36.72,0
10,1.3,9.41,0
3,1.79,3.64,0
2,0.81,81.18,0
10,1.75,33.89,0
6,1.4,15.52,0
4,1.95,30.9,0
1,1.62,68.59,0
1,0.81,96.08,0
10,1.5,26.61,0
1,1.1,69.36,0
0,0.12,39.59,1
8,1.42,61.09,0
7,0.66,50.14,1
9,1.11,54.14,0
8,1.06,14.05,1
4,0.7,22.43,1
0,1.02,39.7,0
4,0.53,13.3,0
0,0.89,57.19,0
4,0.52,43.4,0
5,0.97,25.12,0
2,1.41,59.87,0
8,0.98,50.87,1
5,0.54,30.2,1
4,1.45,99.78,0
9,1.38,97.38,0
9,1.59,48.23,0
3,0.17,67.18,1
6,1.51,25.11,0
10,1.5,21.3,0
1,0.62,78.44,0
6,0.98,62.8,0
3,1.18,36.54,0
10,0.22,32.67,1
8,0.62,47.32,1
2,1.54,96.33,0
6,1.89,76.74,0
6,1.31,24.93,0
6,0.9,7.06,0
7,1.2,29.49,0
3,1.62,76.26,0
3,0.95,84.43,0
5,1.23,67.13,0
6,0.35,54.18,1
2,1.67,4.45,0
10,0.65,10.62,1
6,0.34,64.91,1
6,1.47,73.14,0
0,1.64,75.9,0
8,1.49,44.83,0
9,0.19,58.46,1
1,1.06,5.76,0
2,0.55,4.28,0
9,0.13,81.92,1
7,1.01,52.72,1
1,1.24,62.91,0
4,1.99,35.69,0
10,1.75,34.61,0
7,0.5,55.33,1
9,0.92,92.86,0
10,1.44,70.94,0
6,0.78,94.03,1
9,0.97,92.55,1
4,1.96,91.17,0
3,1.65,1.51,0
5,1.82,69.11,0
10,1.16,76.0,0
8,1.93,84.68,0
6,1.0,74.82,0
5,0.16,20.79,1
0,0.71,84.32,0
5,1.0,4.68,0
3,0.62,34.61,1
3,0.88,31.47,0
6,1.98,51.15,0
8,1.8,63.93,0
1,0.14,14.38,1
7,1.8,2.14,0
0,1.59,50.85,0
7,0.74,14.04,1
7,0.91,30.26,0
6,1.84,65.73,0
7,0.33,50.9,1
6,0.49,66.01,1
0,0.96,42.54,0
7,0.4,32.09,1
4,0.15,12.97,1
10,0.35,90.6,1
10,0.95,1.44,1
4,0.45,63.63,1
9,1.32,49.31,0
8,1.69,20.78,0
2,0.94,99.24,0
4,0.94,66.63,0
5,0.1,72.17,1
10,1.36,22.08,0
5,1.78,65.42,0
3,0.39,42.4,0
8,1.32,51.89,0
9,0.88,7.96,0
1,0.94,85.07,0
7,1.25,38.35,0
5,1.91,44.28,0
10,1.32,56.58,1
3,1.5,49.06,0
10,0.3,88.05,1
3,0.79,21.78,1
8,0.59,79.08,1
6,1.07,42.8,0
0,0.32,45.78,0
0,1.78,65.28,0
1,0.35,23.34,1
3,1.76,69.89,0
8,1.89,49.8,0
6,0.71,58.13,1
9,1.33,30.76,1
9,1.72,36.98,0
8,1.45,35.07,0
1,1.73,86.17,0
1,0.91,31.28,0
4,1.47,83.36,0
4,0.68,77.83,0
7,0.75,2.49,0
10,1.73,30.44,0
1,0.2,66.38,1
9,1.08,6.79,0
5,1.26,93.83,0
6,1.64,22.41,0
10,1.52,2.35,0
10,1.81,48.44,0
10,1.61,94.22,0
0,0.4,27.63,0
4,1.57,16.84,0
2,0.7,54.39,0
9,1.45,59.75,0
9,1.18,74.1,0
2,1.62,43.09,0
10,1.86,65.54,0
5,0.92,43.43,0
7,1.02,7.47,0
1,0.12,90.52,1
3,0.39,23.41,1
1,1.1,36.06,0
0,0.9,40.55,0
5,1.03,45.53,0
1,1.94,33.5,0
7,0.44,60.9,1
4,1.21,93.91,0
0,1.04,6.5,0
5,1.68,41.97,0
10,1.86,26.12,0
9,0.41,80.59,1
3,0.98,4.93,0
0,1.5,88.9,0
7,0.49,97.44,1
9,0.61,92.28,1
10,1.44,50.66,1
0,0.94,95.04,0
9,0.74,87.11,1
8,0.87,12.08,1
9,1.66,58.18,0
9,0.15,22.61,1
9,0.37,19.07,1
10,1.02,71.86,0
0,0.15,71.17,0
9,1.38,13.98,0
5,0.7,74.95,1
2,1.4,55.31,0
7,0.5,69.07,1
1,0.12,46.57,1
0,1.34,69.08,0
3,0.91,17.79,0
4,0.31,56.16,1
6,1.97,49.44,0
3,1.94,15.77,0
0,0.6,80.49,0
9,0.64,89.11,1
7,1.49,4.81,0
0,0.89,15.89,0
2,0.66,2.16,0
3,1.1,1.03,0
5,1.39,76.77,0
10,0.6,59.34,1
0,1.97,58.38,0
1,0.53,90.39,0
6,1.18,63.97,0
3,1.56,69.66,0
8,0.19,19.42,1
8,0.46,33.04,1
10,1.86,72.82,0
3,0.21,65.42,1
3,0.32,35.0,1
2,0.34,2.33,0
7,0.7,94.28,1
9,0.9,23.19,1
4,0.3,10.69,1
7,1.45,74.39,0
5,1.99,41.51,0
7,1.92,39.61,0
3,1.56,56.71,0
4,0.54,2.42,0
8,0.48,61.8,1
6,1.55,73.12,0
3,1.02,23.48,0
8,0.37,13.01,1
4,0.13,87.25,1
3,1.89,56.39,0
8,1.72,46.78,0
7,0.4,58.35,1
1,0.84,79.79,0
7,0.8,39.32,1
4,1.41,98.52,0
8,1.48,36.93,0
10,0.6,40.44,1
4,0.89,74.43,0
10,0.25,21.34,1
10,0.41,90.12,1
10,1.56,41.76,0
1,1.21,48.05,0
3,1.51,35.51,0
10,1.07,38.79,0
7,1.7,38.18,0
6,1.04,57.03,0
6,1.96,87.64,0
3,0.55,88.0,1
8,0.59,22.32,1
4,1.44,78.41,0
6,1.37,68.81,0
8,1.37,89.62,0
5,0.24,87.58,1
2,0.84,35.04,0
0,1.42,23.32,0
5,0.38,45.35,1
6,1.35,14.35,0
2,1.71,45.66,0
10,1.68,82.02,0
7,0.55,31.26,1
9,1.09,89.35,0
1,1.09,92.71,0
5,0.4,14.76,1
2,0.95,70.02,0
0,1.98,83.22,0
1,0.18,43.51,0
4,1.02,18.81,0
10,1.66,62.63,0
4,1.77,86.89,0
3,1.74,50.74,0
6,1.98,92.32,0
6,0.87,86.77,0
1,0.93,16.83,0
4,0.22,11.2,1
9,0.73,40.84,1
7,1.97,35.21,0
8,1.76,1.87,0
3,1.28,59.83,0
2,0.73,14.96,0
10,1.29,89.07,0
2,0.18,85.46,0
1,1.65,27.79,0
10,1.09,68.5,1
1,0.42,33.96,0
10,0.85,59.34,1
4,0.71,33.63,0
7,0.74,21.69,1
7,0.47,79.71,1
2,0.64,85.9,0
8,1.7,93.73,0
0,1.24,65.64,0
9,0.22,7.34,1
1,1.39,26.34,0
3,0.69,2.63,0
5,0.52,6.85,1
0,0.54,39.89,0
0,0.95,32.77,0
6,0.18,36.89,1
3,0.94,20.69,0
0,1.86,92.31,0
0,1.93,16.74,0
4,1.95,88.25,0
9,1.1,58.28,1
0,0.69,32.04,0
4,1.44,22.35,0
7,1.66,96.46,0
2,0.83,51.88,0
10,0.3,40.41,1
4,1.02,37.87,0
10,1.73,94.58,0
6,1.96,74.98,0
3,1.02,29.9,0
6,1.68,73.6,0
0,0.29,58.68,1
7,0.67,45.98,0
5,0.77,11.96,0
7,1.79,40.56,0
0,1.07,34.22,0
6,1.77,40.46,0
10,1.03,27.43,0
1,0.54,13.66,0
0,0.65,95.32,0
1,0.75,25.72,0
10,0.15,35.02,1
6,1.27,90.16,0
8,1.79,68.82,0
1,1.64,28.07,0
0,1.44,46.63,0
1,0.27,67.51,0
10,1.67,31.95,0
4,1.83,1.77,0
0,1.09,34.19,0
6,0.72,21.57,1
7,0.76,34.08,0
1,1.21,86.17,0
10,1.84,82.65,0
2,1.17,42.91,0
4,1.55,94.28,0
8,1.75,14.72,0
8,1.51,2.39,0
9,1.68,25.56,0
7,0.78,56.6,0
7,1.08,96.12,1
3,0.49,24.35,0
0,1.09,27.98,0
9,1.56,81.72,0
8,0.36,39.78,1
0,0.45,20.01,0
0,1.05,39.32,0
9,1.0,49.88,1
5,0.34,63.5,1
0,1.0,17.7,0
10,0.8,78.88,1
10,1.64,72.03,0
7,1.46,21.31,0
8,1.21,63.36,0
0,0.93,52.22,0
0,1.84,71.5,0
10,1.73,17.15,0
3,0.23,18.66,1
6,1.83,39.84,0
2,0.7,72.91,1
0,1.53,80.26,0
6,0.91,34.72,0
7,0.16,36.28,1
9,0.6,89.41,1
8,0.26,81.89,1
6,1.1,90.01,0
7,1.59,48.49,0
6,0.53,40.74,1
1,1.34,65.92,0
4,0.11,60.75,1
9,1.66,18.02,0
8,0.27,31.14,1
8,1.52,54.06,0
9,1.0,64.52,1
8,1.54,85.05,0
7,0.12,38.72,1
7,1.28,6.14,0
10,1.98,2.06,0
9,1.73,62.04,0
2,1.34,52.31,0
6,0.79,42.42,0
9,0.33,86.98,1
6,1.51,35.41,0
3,1.69,8.54,0
3,1.61,94.22,0
3,0.64,67.11,1
3,0.68,53.23,0
7,0.48,58.57,1
0,0.67,45.11,0
1,0.98,10.47,0
4,0.82,79.94,0
2,0.59,26.4,0
6,1.09,20.43,0
1,1.52,43.84,0
6,0.44,15.84,1
8,1.98,62.97,0
9,1.58,8.32,0
10,0.64,80.6,1
4,0.64,85.48,1
5,1.18,6.66,0
10,1.71,25.6,0
7,1.4,31.62,0
3,0.48,12.21,0
5,0.79,5.61,1
1,1.21,53.76,0
9,1.82,50.15,0
9,1.04,4.56,0
0,0.98,89.26,0
3,0.7,10.43,0
8,0.88,87.56,1
6,0.35,95.76,1
3,1.94,2.19,0
2,1.79,12.4,0
8,1.95,4.64,0
3,1.62,43.78,0
2,0.22,70.72,1
2,0.67,58.83,0
6,0.68,60.77,0
8,0.56,70.48,1
3,0.28,61.56,1
6,1.36,59.91,0
8,1.1,90.28,0
4,0.42,61.12,1
1,1.94,95.79,0
8,1.28,21.46,0
4,1.07,70.67,0
6,1.85,1.32,0
10,0.9,58.96,1
8,0.7,21.29,1
9,1.46,38.71,0
2,1.59,37.65,0
9,0.44,35.98,1
2,1.75,73.08,0
5,1.14,55.97,0
3,0.2,5.7,1
6,0.78,30.99,0
8,0.75,73.29,1
0,0.51,95.83,0
6,1.64,88.9,0
10,0.51,43.55,1
4,0.68,13.66,0
6,1.19,59.08,0
8,0.38,74.61,1
5,1.73,23.05,0
4,0.24,55.25,1
10,0.87,61.23,1
1,1.45,45.25,0
8,1.52,40.05,0
10,1.33,26.21,0
1,0.25,30.19,0
8,0.72,23.75,1
8,1.17,64.81,0
7,1.76,44.96,0
1,0.65,95.03,0
5,1.31,18.03,0
10,1.74,11.9,0
0,0.68,11.92,0
10,1.42,81.64,0
4,0.23,8.39,1
5,0.46,4.68,1
3,1.9,30.31,0
9,1.44,41.54,0
5,0.33,91.84,1
10,1.96,95.31,0
10,1.3,87.7,0
8,1.01,95.58,0
0,1.13,34.49,0
3,1.51,67.64,0
5,1.45,73.18,0
5,0.31,78.09,1
7,1.14,3.18,0
5,1.38,13.76,0
7,0.47,28.72,1
3,0.69,35.01,0
6,0.34,58.43,1
5,0.24,18.34,1
7,1.51,16.28,0
6,1.61,11.9,0
2,0.21,84.25,1
1,1.28,98.37,0
3,1.58,53.09,0
4,1.2,54.7,0
10,1.21,78.24,0
10,1.18,68.52,0
9,1.66,49.15,0
5,0.23,73.74,1
8,1.38,80.28,0
7,0.83,70.31,1
6,0.87,4.41,0
9,1.23,66.2,0
7,0.47,69.56,1
5,0.81,25.93,0
2,1.78,49.88,0
5,0.92,25.33,1
2,1.4,91.21,0
0,1.23,45.32,0
3,0.26,12.94,1
9,1.87,38.3,0
7,0.27,92.59,1
0,0.33,55.93,0
4,1.95,16.81,0
9,1.21,2.81,1
7,0.94,1.46,0
8,0.38,45.77,1
6,0.51,26.89,1
3,0.91,14.3,0
2,0.12,80.85,1
9,1.98,91.31,0
9,1.81,61.61,0
4,0.28,2.8,1
6,1.99,31.46,0
8,1.78,49.31,0
0,1.08,57.84,0
1,1.13,93.64,0
3,0.11,60.99,1
3,0.61,63.62,0
7,0.27,79.27,1
5,0.26,66.32,1
3,0.13,78.62,1
9,0.53,58.9,1
0,0.91,48.23,0
7,1.93,47.52,0
8,0.33,56.38,1
10,1.04,60.55,0
1,0.23,50.12,0
8,1.97,51.52,0
9,1.07,70.44,0
7,0.51,24.82,1
7,1.72,12.46,0
6,0.11,36.98,1
1,0.74,99.73,0
4,1.68,38.35,0
10,0.37,92.68,1
1,1.01,32.84,0
8,1.94,69.58,0
6,0.45,75.63,0
6,0.98,54.82,0
0,0.73,68.69,0
7,1.82,7.52,0
7,1.62,48.52,0
7,0.51,64.97,1
2,1.74,47.47,0
9,0.97,49.09,1
3,0.48,70.37,1
1,0.92,10.96,0
3,1.26,66.96,0
8,1.55,72.26,0
8,0.25,77.45,1
10,0.38,48.39,1
4,1.23,72.73,0
0,0.98,64.76,0
10,1.3,58.37,0
5,0.22,7.47,1
4,1.73,55.38,0
1,0.51,39.07,1
4,1.29,18.65,0
8,1.35,7.0,0
7,1.02,63.38,0
1,0.14,73.75,1
1,1.64,13.37,0
4,1.33,23.81,0
3,1.45,14.71,0
4,1.25,81.98,0
3,0.13,60.85,1
8,1.59,99.05,0
10,0.51,96.36,1
7,0.21,18.63,1
9,1.18,99.86,1
9,0.97,63.31,1
10,1.36,36.2,0
4,1.97,29.36,0
9,0.28,28.07,1
5,0.68,86.66,1
2,0.27,68.83,1
2,1.17,20.84,0
9,0.24,28.63,1
7,0.1,77.62,1
8,0.86,50.99,0
7,0.45,57.78,1
3,1.61,59.29,0
4,0.33,6.42,1
3,1.59,30.5,0
6,0.68,14.85,0
4,1.34,82.43,0
5,1.72,35.35,0
4,0.13,45.53,1
3,1.63,54.19,0
10,1.74,28.83,0
1,0.93,19.69,0
8,1.42,61.59,0
7,0.33,31.33,1
6,1.48,10.05,0
1,0.93,92.16,0
2,0.88,81.9,0
6,0.36,12.24,1
4,1.71,61.68,0
7,1.01,50.94,0
4,1.44,64.07,0
1,0.12,43.58,1
0,1.93,49.01,0
2,0.21,70.89,0
0,1.96,20.28,0
0,0.17,76.33,1
2,0.92,9.28,0
8,1.8,5.49,0
7,1.34,64.33,0
4,1.76,77.54,0
7,0.24,91.18,1
7,1.25,71.81,0
6,1.49,61.91,0
1,0.86,80.98,0
9,1.29,74.51,0
2,1.26,15.5,0
8,1.91,52.45,0
5,1.57,24.38,0
0,0.78,47.34,0
3,1.85,76.01,0
5,1.92,31.41,0
4,1.25,73.72,0
6,1.2,97.82,0
4,1.58,23.32,0
1,0.62,99.36,1
9,1.21,93.84,0
9,1.58,52.1,0
0,1.56,3.7,0
8,1.05,63.74,1
4,1.26,89.63,0
8,1.39,73.59,0
7,1.66,51.44,0
2,1.12,94.99,0
6,0.26,40.19,1
9,1.16,30.75,0
4,0.97,21.48,0
2,1.7,75.06,0
3,1.77,79.29,0
5,0.9,9.7,1
3,0.88,37.17,0
4,0.14,35.39,1
9,1.44,92.97,0
3,1.39,6.3,0
1,1.94,8.05,0
10,1.4,38.15,0
9,1.64,92.96,0
9,1.7,35.1,0
6,1.12,20.09,0
5,0.72,4.07,0
6,0.35,41.63,1
0,0.3,24.32,1
10,0.26,79.57,1
7,0.28,22.56,1
2,0.98,98.08,0
1,0.47,21.71,0
10,0.64,77.52,1
8,1.23,50.65,0
8,1.3,21.1,0
5,1.36,8.34,0
4,1.77,19.27,0
6,0.73,75.67,1
10,0.72,58.31,1
3,0.36,93.56,1
1,1.57,23.26,0
9,0.25,20.83,1
4,1.73,82.84,0
7,0.34,45.28,1
10,0.19,51.53,1
1,1.99,67.24,0
3,0.92,32.53,0
10,1.9,77.56,0
6,0.96,63.14,0
2,1.24,64.1,0
0,0.66,68.01,0
2,1.87,20.55,0
8,0.29,17.65,1
0,0.4,40.39,0
3,1.1,91.65,0
9,1.32,51.12,0
10,0.65,57.86,1
7,0.95,12.23,1
8,0.24,5.99,1
10,0.45,97.2,1
10,1.55,39.53,0
3,1.02,64.99,0
3,0.78,9.69,0
3,1.17,6.08,0
2,0.39,11.48,1
0,1.84,22.15,0
8,1.08,1.29,0
7,0.26,40.08,1
3,0.39,51.33,1
10,1.89,69.75,0
6,1.32,53.01,0
6,1.14,3.37,0
7,1.67,87.61,0
10,1.29,43.05,0
3,0.38,71.26,1
0,0.31,96.33,0
3,1.85,87.39,0
0,0.22,18.36,0
5,0.62,1.97,1
10,1.3,78.93,1
0,1.12,62.78,0
4,1.88,39.21,0
9,0.98,60.34,0
4,1.04,98.31,0
6,0.65,94.76,0
5,0.66,11.05,0
5,2.0,35.0,0
4,1.43,30.5,0
1,0.9,98.31,0
4,1.44,78.95,0
9,1.83,84.8,0
7,0.87,22.24,1
4,1.56,48.1,0
1,0.3,69.16,1
4,0.74,36.67,0
4,1.24,55.51,0
6,1.43,46.22,0
8,1.45,37.63,0
5,0.15,58.96,1
3,1.02,67.86,0
0,0.88,77.21,0
2,0.43,67.89,0
2,1.61,11.57,0
5,1.48,64.79,0
6,0.66,5.44,1
9,0.89,87.45,1
3,1.87,48.62,0
4,1.01,93.03,0
9,1.33,79.3,0
0,0.12,2.21,1
6,0.31,46.33,1
0,1.84,3.87,0
9,1.1,53.0,0
1,1.48,70.41,0
9,0.76,37.88,1
6,1.95,64.25,0
2,1.1,96.27,0
3,0.52,82.87,1
6,1.98,7.01,0
4,0.26,82.97,1
10,0.26,35.26,1
2,1.28,7.6,0
8,0.43,34.92,1
10,0.13,6.53,1
9,1.82,10.24,0
6,1.56,4.89,0
5,1.92,16.34,0
5,1.17,36.36,0
3,0.14,51.05,1
9,1.28,3.4,0
10,1.86,54.69,0
5,0.11,79.85,1
7,0.5,16.32,1
6,0.74,85.18,1
1,0.2,45.74,1
6,0.58,72.25,1
1,1.03,35.31,0
1,1.87,10.76,0
9,0.57,25.35,1
0,0.22,47.77,1
9,0.45,43.99,1
5,1.41,87.72,0
5,0.41,45.39,0
10,1.11,10.09,0
2,0.77,79.46,0
1,0.29,26.71,0
9,1.45,12.09,0
2,1.87,51.22,0
0,0.83,17.49,0
9,0.28,49.58,1
10,0.92,4.46,0
3,0.99,61.48,0
0,1.43,73.99,0
0,1.03,81.55,0
9,1.42,19.42,0
2,1.08,18.03,0
10,1.88,28.16,0
10,1.63,91.38,0
2,0.51,60.51,0
7,1.82,50.55,0
5,1.15,35.92,0
5,1.21,47.33,0
4,0.69,15.48,0
7,1.06,74.87,0
6,1.95,95.34,0
8,0.3,22.08,1
2,1.3,83.99,0
1,1.3,46.21,0
9,0.95,64.42,1
1,1.06,98.67,0
9,0.13,81.7,1
7,0.74,83.33,0
6,1.16,64.4,0
7,1.3,57.15,0
5,0.42,93.42,1
0,1.0,51.85,0
7,1.95,54.09,0
2,0.2,82.65,1
3,1.41,93.95,0
3,0.53,15.13,1
9,1.47,95.24,0
9,0.63,93.5,1
10,1.96,76.95,0
6,1.36,86.25,0
7,0.94,79.62,0
10,1.15,53.87,1
6,0.72,14.03,0
9,1.8,28.63,0
2,1.74,66.6,0
4,0.74,86.02,0
0,0.94,48.14,0
3,0.4,36.28,1
3,1.74,98.76,0
1,1.1,79.71,0
8,1.53,18.65,0
4,1.84,73.72,0
4,1.57,96.3,0
2,1.79,56.34,0
8,1.33,65.67,0
6,0.79,58.58,0
1,0.71,90.7,1
4,1.96,4.64,0
4,1.15,64.09,0
10,1.36,12.2,0
0,0.46,82.54,0
7,1.99,41.88,0
10,1.07,26.94,1
8,0.25,68.13,1
7,0.24,52.87,1
1,0.66,79.78,0
10,0.3,34.75,1
1,1.6,84.69,0
6,0.77,35.39,1
2,1.66,65.06,0
2,0.35,74.79,1
3,0.69,45.92,0
1,0.64,52.64,1
7,0.63,64.54,1
5,1.42,57.17,0
6,0.38,84.33,1
6,1.44,43.44,0
0,0.88,63.5,0
2,0.88,72.38,0
10,0.23,62.96,1
3,1.65,59.05,0
10,1.31,90.27,0
9,0.21,69.99,1
6,0.27,19.46,1
8,1.97,91.15,0
7,0.4,37.71,1
1,1.06,62.25,0
3,1.02,13.13,0
0,1.58,67.58,0
1,1.02,11.6,0
6,1.26,51.43,0
4,1.92,23.8,0
10,0.1,61.41,1
3,0.28,3.71,0
7,0.37,34.27,1
6,0.23,5.24,1
9,0.6,50.37,1
3,0.78,26.22,0
3,0.97,2.53,0
1,0.14,54.29,1
7,1.07,93.11,0
0,0.83,5.67,0
4,1.03,83.17,0
6,1.34,1.74,0
3,0.77,53.69,0
5,0.71,17.21,1
1,1.01,65.36,0
9,0.34,8.18,1
3,1.94,95.53,0
3,0.59,62.56,0
5,1.11,71.76,0
9,1.94,95.6,0
5,0.41,49.68,1
7,1.96,31.26,0
2,0.78,55.48,0
9,0.28,45.7,1
9,0.73,51.27,1
7,0.38,23.28,1
6,0.33,90.76,1
8,1.4,67.86,0
0,1.22,37.38,0
0,0.13,79.87,0
10,0.81,14.65,1
7,1.42,81.23,0
0,0.14,17.94,1
1,1.58,92.58,0
5,1.49,14.22,0
10,0.7,72.59,1
9,1.31,31.08,1
9,1.19,39.66,1
3,1.18,50.02,0
10,0.58,22.59,1
10,0.77,16.4,1
6,0.13,41.67,1
8,1.21,48.58,1
6,0.48,18.1,1
10,1.17,73.34,0
8,0.35,33.73,1
7,1.71,95.27,0
9,1.82,4.18,0
9,1.69,7.82,0
7,0.41,68.54,1
4,0.2,25.54,1
6,0.55,98.1,1
4,0.85,39.36,1
3,0.73,64.47,0
5,2.0,37.93,0
5,1.12,71.62,0
5,1.99,99.44,0
6,1.26,31.07,0
5,1.64,55.64,0
5,1.57,31.55,0
3,0.76,25.6,1
4,1.87,28.51,0
3,1.84,97.59,0
1,0.79,21.36,0
0,0.94,85.31,0
10,1.28,75.39,0
7,1.84,88.16,0
8,1.04,75.48,0
6,1.12,42.69,0
5,1.01,72.72,0
8,0.77,14.61,1
7,0.85,21.22,0
8,1.81,39.29,0
4,0.8,21.72,0
1,1.5,39.54,0
10,1.02,56.83,0
4,1.85,37.89,0
6,0.85,68.56,1
0,1.0,98.97,0
8,0.29,33.58,1
9,0.78,55.03,1
0,0.81,13.29,0
8,0.73,17.49,1
5,0.19,69.01,1
6,0.61,34.85,1
7,0.32,89.41,1
1,1.07,3.06,0
10,0.39,85.37,1
6,1.61,47.87,0
7,1.27,73.12,0
8,1.77,10.13,0
8,0.17,6.88,1
2,0.41,53.19,0
4,1.2,43.35,0
10,0.88,36.0,1
9,1.69,38.68,0
10,1.78,53.8,0
3,0.64,6.24,0
5,0.42,13.28,1
1,0.62,26.46,1
3,1.35,53.3,0
9,0.6,10.34,1
7,1.48,19.39,0
6,1.47,2.19,0
8,0.86,6.25,0
2,1.49,45.04,0
3,1.9,19.11,0
5,1.16,39.36,0
7,1.44,47.61,0
0,0.44,48.09,0
10,1.74,39.29,0
1,0.73,13.14,0
2,1.68,41.27,0
7,0.73,14.26,1
2,0.88,5.87,0
1,0.37,5.07,1
10,0.67,80.99,1
2,0.91,95.05,0
5,0.52,66.6,1
7,0.71,32.15,1
5,0.26,27.73,1
10,1.4,45.43,0
1,0.15,5.15,0
4,1.36,88.55,0
7,0.25,66.42,1
9,1.55,61.97,0
8,0.95,9.64,1
5,0.19,13.76,1
4,0.18,47.56,1
3,1.66,48.69,0
1,1.29,28.15,0
9,0.25,33.36,1
3,1.0,15.24,0
2,1.1,60.82,0
7,1.92,38.57,0
4,0.15,87.92,1
4,0.51,67.83,1
2,0.84,57.38,0
1,0.1,22.96,0
5,1.07,66.2,0
2,0.81,3.82,0
6,1.28,29.26,0
8,0.43,8.61,1
8,0.66,12.82,1
7,0.5,9.92,1
2,0.64,12.85,0
10,1.15,33.93,1
7,0.29,22.68,1
1,1.49,75.15,0
7,1.59,74.26,0
8,0.97,75.78,1
9,1.61,70.68,0
4,1.46,17.0,0
4,1.75,77.21,0
2,1.11,30.53,0
1,1.79,34.43,0
5,1.17,21.5,0
8,1.12,60.63,0
9,0.83,67.49,1
4,0.2,53.21,1
2,1.15,36.78,0
6,1.82,74.45,0
9,1.4,98.69,0
5,1.32,42.77,0
0,0.5,46.76,0
7,0.51,42.46,1
5,0.79,74.53,1
10,0.14,15.96,1
6,1.43,61.13,0
2,1.3,35.39,0
6,0.18,20.85,1
10,1.72,65.78,0
0,0.19,89.29,1
5,1.72,96.74,0
6,1.43,8.22,0
4,0.65,15.41,0
9,1.96,57.97,0
4,0.68,6.32,0
10,1.4,47.61,0
1,1.85,59.43,0
5,0.75,80.97,0
2,1.33,55.59,0
6,0.65,13.8,1
4,0.8,39.82,0
7,1.45,5.48,0
5,0.16,77.33,1
5,0.54,8.9,1
1,1.48,9.05,0
8,1.16,67.82,0
5,0.47,35.18,0
9,0.86,65.77,0
0,1.29,76.5,0
8,0.27,28.12,1
8,0.15,89.49,1
4,0.89,66.71,0
4,1.3,89.83,0
3,0.29,78.47,1
0,0.95,90.66,0
2,0.82,57.17,0
2,0.16,40.13,1
1,1.15,87.26,0
6,0.11,78.61,1
5,1.52,51.98,0
0,0.82,71.97,0
9,0.2,45.78,1
7,1.82,42.35,0
4,1.26,75.15,0
1,1.96,65.04,0
0,0.52,5.34,0
3,1.78,31.77,0
3,0.85,34.55,0
7,1.05,59.87,1
7,1.35,68.53,0
4,1.8,95.24,0
5,1.17,80.68,0
2,0.71,87.63,1
0,1.65,24.65,0
1,0.17,88.47,1
0,1.9,40.22,0
6,1.89,73.92,0
4,1.96,86.92,0
10,1.18,23.98,0
5,1.76,18.75,0
0,0.25,6.5,1
0,1.02,15.63,0
5,1.39,92.51,0
5,0.72,22.01,1
1,0.91,67.68,0
8,0.25,56.05,1
0,0.76,82.31,0
4,1.52,78.9,0
6,0.18,31.96,1
4,0.27,34.39,1
2,1.7,1.34,0
8,0.1,21.03,1
9,0.57,35.66,1
10,1.87,51.14,0
10,0.27,23.9,1
9,0.2,61.97,1
4,0.41,7.82,1
1,0.32,52.13,1
8,1.12,6.64,0
2,1.31,86.95,0
1,0.5,56.89,0
8,0.85,24.23,0
3,0.33,4.24,1
9,0.74,91.61,1
1,0.51,65.09,0
4,1.6,76.2,0
3,1.94,84.62,0
5,1.53,33.7,0
3,2.0,7.67,0
3,1.88,94.77,0
6,1.14,59.49,1
6,1.02,89.73,0
7,0.99,23.89,1
10,1.82,39.95,0
2,1.35,11.71,0
3,1.98,14.03,0
7,0.25,72.47,1
5,1.89,48.84,0
6,1.29,88.14,0
5,1.23,49.93,0
5,1.22,42.29,0
7,0.89,3.55,1
7,0.66,55.08,1
6,0.37,72.04,1
2,0.98,82.39,0
10,0.92,64.33,1
1,1.83,96.42,0
4,0.58,88.55,0
3,0.59,85.95,1
3,0.26,40.44,0
4,1.59,23.59,0
6,0.18,50.15,1
6,0.15,19.68,1
4,0.8,10.29,1
1,1.93,49.83,0
1,0.3,51.32,1
1,0.36,92.85,1
1,0.81,88.41,0
1,0.19,75.12,1
8,0.77,90.32,0
6,1.5,36.55,0
4,1.69,74.73,0
3,1.09,31.06,0
2,1.06,90.01,0
3,1.07,80.89,0
6,1.64,9.57,0
4,1.61,12.14,0
7,0.36,86.13,1
9,0.19,39.16,1
0,1.14,98.64,0
5,1.87,50.65,0
6,1.61,92.87,0
1,1.37,83.51,0
2,1.43,60.0,0
10,0.13,52.12,1
0,0.64,8.64,0
8,1.0,77.97,0
10,1.91,18.92,0
6,1.35,29.33,0
8,0.19,42.55,1
5,0.18,69.68,1
4,2.0,52.71,0
4,0.18,1.53,1
5,0.63,87.6,0
9,0.8,38.4,1
9,0.64,96.94,1
4,1.04,17.4,0
6,1.27,32.53,0
8,0.9,84.61,1
2,1.87,38.97,0
5,0.44,71.59,1
6,1.93,98.27,0
9,1.91,97.33,0
3,0.6,43.72,0
6,1.6,28.66,0
10,0.28,59.21,1
9,0.5,91.05,1
5,0.24,52.86,1
4,1.21,66.71,0
2,0.68,72.84,0
10,0.34,75.26,1
4,0.36,95.65,1
4,1.87,11.79,0
0,1.03,68.95,0
1,1.14,96.36,0
6,0.42,45.67,1
3,1.01,88.46,0
10,1.2,68.76,1
5,1.38,62.2,0
10,1.12,87.74,1
6,1.84,40.36,0
0,1.42,90.53,0
1,1.96,28.87,0
3,1.44,40.37,0
10,0.66,63.53,1
1,0.48,81.99,1
4,1.59,13.25,0
8,0.22,53.07,1
8,1.15,79.67,0
0,1.16,67.03,0
5,1.8,1.75,0
4,1.17,37.59,0
3,1.19,57.7,0
10,1.19,55.83,0
6,0.42,22.22,1
1,0.45,97.43,1
8,0.64,94.02,1
5,1.72,65.43,0
10,0.7,42.38,1
6,0.61,35.16,0
9,1.96,4.69,0
8,1.44,27.07,0
2,1.14,16.33,0
2,1.66,60.2,0
5,1.56,94.82,0
3,0.24,12.31,1
4,0.56,32.64,1
9,0.88,33.38,1
5,1.34,5.3,0
9,1.75,99.46,0
3,1.13,34.37,0
2,1.11,72.2,0
1,0.59,52.31,0
9,1.31,42.09,0
6,1.74,19.86,0
2,0.18,54.99,1
4,1.5,9.48,0
4,1.24,74.55,0
4,1.2,73.81,0
4,0.65,52.1,0
8,0.93,88.75,1
3,0.89,95.08,0
5,1.23,89.47,0
8,1.49,52.62,0
4,0.75,9.96,1
9,1.52,5.37,0
5,1.66,34.33,0
5,1.88,74.56,0
9,1.53,48.08,0
10,1.18,97.59,0
6,0.13,22.48,1
6,1.19,97.9,0
8,0.45,72.39,1
5,1.66,94.69,0
7,0.86,98.5,0
2,0.85,59.55,0
8,0.61,57.8,1
2,0.44,67.11,1
10,0.37,30.68,1
10,0.77,19.01,1
6,1.9,34.9,0
5,0.38,18.57,1
6,0.99,44.01,0
3,0.93,77.65,0
8,0.32,59.09,1
5,1.0,88.82,0
10,1.98,70.94,0
6,0.28,10.97,1
7,1.07,57.82,0
10,1.16,41.57,1
7,0.42,89.61,1
5,1.98,90.04,0
5,1.65,87.07,0
0,0.11,61.72,1
3,1.64,56.67,0
6,1.02,84.5,1
4,1.06,51.92,0
9,1.62,6.71,0
4,1.34,35.67,0
7,0.72,59.86,1
5,1.29,44.56,0
9,0.69,59.96,1
6,1.59,59.52,0
0,1.89,74.02,0
2,1.91,38.0,0
6,1.51,81.32,0
6,1.37,96.26,0
3,1.73,19.22,0
4,1.88,19.8,0
9,0.58,46.1,1
6,1.58,80.24,0
0,0.37,57.72,0
2,0.3,1.36,0
9,0.97,50.64,0
2,0.26,7.48,1
6,1.97,93.67,0
10,1.08,88.84,0
4,0.64,91.55,1
2,1.02,82.83,0
7,0.29,4.4,1
9,0.65,96.26,1
8,1.1,46.47,0
1,0.3,44.31,1
5,1.87,30.46,0
0,0.8,38.71,0
4,0.52,44.66,0
5,1.2,86.38,0
0,0.6,25.41,0
5,1.5,21.25,0
4,0.28,91.5,1
2,1.02,66.7,0
5,0.76,65.71,0
5,1.7,25.91,0
9,1.86,81.31,0
9,1.53,11.47,0
3,0.31,91.79,1
9,0.15,55.92,1
2,1.16,59.94,0
0,1.06,47.21,0
2,0.26,68.14,0
7,1.41,49.66,0
5,0.45,88.55,1
6,1.49,35.66,0
10,1.76,1.52,0
1,0.11,93.67,1
9,1.45,46.42,0
4,0.88,38.97,1
10,1.19,76.39,1
3,1.66,65.95,0
4,1.62,74.48,0
10,0.57,84.91,1
3,1.28,19.45,0
2,1.77,51.75,0
6,1.92,86.41,0
3,1.58,74.88,0
4,0.91,60.61,0
4,1.9,29.75,0
6,1.08,44.37,0
4,1.52,67.85,0
9,1.52,78.01,0
7,0.99,93.8,0
8,0.12,17.64,1
0,1.75,30.38,0
2,1.81,14.27,0
6,1.61,21.8,0
0,0.63,17.98,1
2,1.53,19.28,0
9,0.52,32.7,1
9,0.24,89.51,1
8,0.65,34.03,1
7,0.36,62.65,1
3,1.43,86.08,0
10,1.05,19.46,1
6,1.74,2.85,0
5,1.51,40.52,0
7,1.46,92.9,0
4,0.38,94.6,0
4,1.16,97.34,0
10,0.76,6.28,1
6,1.4,21.05,0
4,0.75,15.94,1
2,0.43,96.04,1
1,0.49,51.13,0
1,1.71,45.06,0
2,1.56,11.25,0
0,1.1,20.22,0
5,0.68,26.79,1
6,1.66,54.66,0
2,0.65,25.25,0
5,1.73,93.23,0
7,1.68,8.73,0
6,0.92,74.32,0
9,1.61,84.82,0
8,0.33,50.12,1
6,0.43,72.28,1
9,1.62,63.45,0
6,1.57,33.5,0
5,0.25,23.99,1
8,1.4,29.1,0
9,1.16,6.49,1
3,1.52,70.68,0
9,0.64,61.16,1
2,1.96,34.87,0
4,0.7,58.6,1
3,1.04,59.06,0
5,0.51,74.36,1
3,1.2,66.8,0
3,1.09,61.78,0
3,1.26,73.83,0
8,1.04,66.57,1
1,1.44,97.67,0
4,0.97,46.21,0
7,0.63,37.97,0
10,1.94,90.51,0
2,1.9,75.23,0
3,1.33,61.0,0
2,1.38,8.4,0
1,1.42,19.53,0
0,1.62,57.83,0
8,0.52,69.74,1
1,0.65,7.16,0
0,1.24,6.72,0
8,1.8,16.61,0
1,1.3,7.33,0
7,0.4,33.93,1
2,1.96,77.59,0
3,1.11,80.52,0
5,0.21,99.75,1
0,0.43,42.91,1
3,0.67,30.19,1
7,0.49,75.86,1
9,0.1,12.76,1
5,1.13,92.54,0
1,0.4,84.33,1
1,0.73,96.01,0
2,1.56,4.5,0
6,1.62,82.49,0
2,0.71,7.73,0
0,0.15,62.72,1
4,1.29,83.66,0
6,1.07,52.7,0
1,1.61,93.3,0
9,1.51,70.26,0
10,0.18,23.54,1
0,1.33,36.33,0
9,0.96,42.1,0
3,1.23,84.13,0
2,0.49,4.49,0
7,1.93,26.78,0
3,1.55,96.32,0
1,0.22,18.76,1
5,1.33,90.75,0
7,0.32,14.1,1
4,0.1,64.79,1
6,0.41,72.56,1
2,0.58,9.12,0
1,0.67,86.38,0
7,1.68,76.68,0
1,1.13,63.77,0
3,1.91,45.88,0
9,1.92,77.25,0
8,1.59,96.45,0
5,0.64,35.45,1
3,0.66,98.15,1
10,1.29,27.28,1
1,0.26,94.99,0
6,1.67,86.21,0
0,0.34,76.65,1
0,1.0,46.08,0
3,0.95,54.27,0
1,1.18,81.67,0
2,0.83,17.96,0
1,1.55,42.18,0
0,0.55,96.48,0
7,1.49,24.56,0
8,1.8,56.39,0
7,1.49,48.17,0
0,0.1,3.44,1
4,1.99,99.75,0
6,1.61,34.15,0
0,1.7,11.33,0
10,0.82,60.02,1
2,0.66,26.33,0
9,0.61,34.24,1
7,1.66,35.04,0
4,0.6,8.14,0
8,1.33,47.69,0
8,1.28,65.78,0
10,1.11,80.58,1
9,1.37,17.94,0
5,0.53,88.77,0
3,1.18,80.54,0
3,0.55,91.1,1
0,1.27,43.81,0
1,0.24,95.45,1
2,1.23,37.09,0
5,1.04,54.36,0
9,0.2,21.42,1
6,1.45,32.8,0
0,0.91,90.34,0
2,1.8,24.43,0
7,0.18,15.24,1
5,0.43,71.71,1
4,0.94,68.34,0
0,1.93,29.8,0
0,1.09,39.58,0
6,1.41,89.21,0
6,1.02,4.89,0
5,1.22,57.88,0
8,0.69,96.42,1
9,1.98,89.59,0
7,0.34,88.27,1
0,0.65,82.74,0
5,1.04,79.27,0
6,0.33,35.08,1
4,1.24,13.64,0
4,0.5,9.08,1
1,1.74,56.04,0
5,1.79,79.7,0
4,1.15,36.16,0
2,0.15,18.59,1
4,1.31,91.15,0
2,1.33,6.8,0
0,0.9,73.45,0
7,1.0,95.47,0
0,1.5,33.7,0
9,0.56,52.18,1
6,1.12,17.69,0
3,0.88,73.85,0
8,1.15,24.87,0
10,1.58,79.55,0
3,1.5,82.7,0
2,0.57,67.04,1
4,0.72,93.49,1
6,0.51,89.88,0
1,1.22,27.64,0
5,1.11,57.55,0
2,1.91,96.42,0
10,1.41,75.59,0
3,0.8,86.17,1
1,1.13,49.69,0
9,1.66,81.26,0
0,1.93,75.0,0
5,0.57,4.63,1
3,1.4,66.88,0
1,1.03,74.61,0
9,0.86,95.19,1
4,1.84,88.74,0
8,0.33,12.49,1
5,0.19,33.87,1
6,0.65,38.94,0
10,0.42,96.31,1
7,1.02,44.47,1
5,0.18,68.94,1
4,1.75,26.69,0
10,1.38,31.0,0
6,1.6,1.27,0
5,1.44,90.44,0
7,1.25,19.15,0
8,1.59,28.17,0
5,0.29,43.13,1
9,1.04,78.98,1
9,0.17,97.56,1
6,1.44,52.6,0
0,0.98,95.33,0
2,0.68,54.36,0
6,1.65,68.2,0
10,0.8,5.59,1
6,1.83,95.22,0
6,1.38,55.52,0
7,0.82,97.17,1
9,0.35,53.65,1
3,1.64,94.1,0
3,1.84,90.79,0
4,0.45,87.34,0
0,0.13,77.79,1
0,1.57,66.95,0
2,1.18,34.64,0
6,1.18,41.88,0
6,1.66,84.04,0
9,1.83,45.39,0
4,0.34,30.72,1
1,1.12,19.13,0
3,1.57,2.06,0
4,0.19,74.14,1
4,1.79,52.23,0
7,1.95,47.95,0
6,1.07,17.67,1
6,1.83,74.6,0
6,0.37,71.27,1
5,0.4,88.5,1
4,1.72,32.02,0
10,0.95,42.84,1
10,0.83,5.93,1
1,0.22,29.69,0
10,0.33,29.98,1
10,1.64,97.6,0
4,1.37,25.49,0
9,1.16,66.85,1
2,1.43,41.06,0
1,1.36,98.39,0
9,0.13,82.52,1
10,1.59,28.93,0
6,1.17,36.85,0
0,0.32,6.61,0
6,0.47,17.09,0
10,1.0,84.7,1
2,1.21,26.01,0
3,0.81,63.44,0
5,1.99,96.88,0
1,1.5,23.61,0
9,0.15,18.85,1
9,0.51,13.94,1
7,0.37,66.14,1
7,0.46,36.5,1
9,1.32,90.23,0
6,1.77,32.79,0
10,0.69,44.07,1
5,1.28,56.29,0
5,1.82,1.77,0
8,1.36,58.29,0
10,1.32,18.48,0
0,0.42,57.16,1
0,0.55,87.74,1
9,1.48,38.64,0
3,0.5,35.2,1
4,1.88,47.56,0
10,0.99,87.05,1
7,1.98,95.66,0
7,0.99,95.68,1
9,1.31,95.3,0
0,1.6,26.45,0
5,0.7,84.44,1
4,0.92,39.94,0
6,1.94,63.96,0
10,1.57,79.35,0
2,1.29,1.58,0
5,0.31,7.61,1
1,0.99,26.61,0
8,1.07,89.38,0
2,1.58,13.47,0
9,1.35,33.52,0
5,0.33,61.59,1
1,0.12,18.4,1
4,0.86,11.25,0
2,0.83,66.68,0
7,1.48,74.21,0
4,1.6,66.44,0
8,1.37,7.21,0
8,1.8,66.47,0
3,1.27,11.64,0
4,0.51,55.53,1
7,0.29,10.98,1
3,1.34,17.76,0
6,1.84,61.87,0
10,1.79,47.11,0
10,0.53,9.6,1
6,1.81,69.39,0
1,1.14,57.74,0
6,0.99,92.25,0
0,1.22,81.32,0
5,0.4,99.1,1
7,1.61,9.22,0
2,0.41,92.78,1
4,0.6,50.11,1
9,1.78,81.29,0
10,0.79,86.71,0
7,1.34,10.04,0
2,0.35,87.36,0
3,0.75,26.23,0
8,1.83,64.45,0
9,0.32,13.4,1
5,1.55,38.41,0
0,0.5,34.96,0
3,1.87,56.15,0
6,0.15,48.71,1
7,1.01,44.11,0
7,1.93,93.27,0
1,0.66,34.6,0
9,0.51,43.8,1
9,0.35,20.7,1
3,1.03,27.65,0
3,1.2,74.05,0
8,1.29,71.13,0
5,0.19,46.03,1
5,1.53,31.25,0
9,0.88,82.22,1
4,0.68,92.4,1
2,1.81,50.97,0
10,0.29,56.13,1
2,0.22,63.55,0
6,1.87,42.74,0
10,0.94,81.15,1
2,1.71,10.14,0
8,1.63,57.9,0
5,0.55,48.55,1
5,0.9,2.75,0
8,0.6,52.96,1
6,1.06,49.46,0
9,1.57,39.07,0
1,1.59,82.74,0
3,1.74,28.04,0
3,1.36,37.72,0
5,0.97,82.08,0
9,1.71,89.49,0
6,0.19,73.53,1
2,0.79,9.85,0
8,0.62,43.47,1
4,1.98,32.34,0
6,0.28,28.16,1
10,0.76,85.36,1
3,1.78,30.5,0
6,1.07,6.62,0
7,0.85,32.25,1
8,1.08,70.29,0
7,1.67,56.22,0
1,1.15,19.58,0
8,1.15,55.71,0
6,0.83,96.11,0
5,0.82,30.58,0
9,0.56,71.73,1
10,0.17,18.39,1
9,1.54,51.43,0
0,1.29,68.27,0
7,0.4,17.92,1
5,0.54,58.4,0
0,1.45,32.48,0
5,0.8,17.99,1
4,0.21,68.63,1
6,1.55,38.36,0
3,1.27,93.66,0
0,0.34,26.1,0
1,0.42,86.84,0
10,1.12,67.89,0
0,1.04,90.51,0
10,0.53,81.96,1
5,1.01,77.06,0
9,1.9,2.48,0
1,1.65,69.53,0
4,0.15,66.62,1
2,1.35,79.18,0
5,1.22,46.0,0
6,0.37,61.2,1
9,0.25,47.61,1
7,0.64,73.48,1
7,1.77,23.16,0
5,1.02,22.99,0
6,1.64,6.53,0
3,1.61,30.56,0
10,0.32,53.19,1
2,0.31,61.12,1
10,1.94,5.8,0
2,1.42,40.98,0
2,0.83,80.86,0
3,1.0,24.38,0
2,0.43,33.11,1
9,1.13,71.26,1
10,0.44,97.67,1
2,1.98,42.37,0
8,0.22,89.91,1
0,1.24,15.56,0
0,1.56,98.49,0
6,0.25,4.8,1
5,1.01,75.89,0
5,1.66,54.17,0
7,0.15,11.19,1
1,0.14,17.73,1
9,0.23,28.87,1
10,0.11,49.73,1
5,1.76,12.44,0
3,0.86,84.72,0
3,0.8,85.02,0
0,1.28,33.87,0
9,0.61,34.26,1
10,0.69,53.24,1
0,0.11,5.29,1
10,1.13,79.73,1
0,0.43,21.56,0
2,1.51,22.48,0
10,0.42,87.65,1
0,1.71,56.54,0
5,1.28,1.89,0
0,1.44,24.44,0
4,0.24,62.59,1
2,1.29,39.37,0
0,1.66,69.97,0
1,0.49,89.04,1
5,0.71,43.8,0
3,1.41,42.46,0
2,1.37,44.87,0
9,1.58,75.16,0
9,1.06,52.14,1
3,0.1,59.03,1
7,0.48,21.34,1
3,1.96,76.11,0
9,1.96,14.74,0
2,0.91,73.29,0
0,0.94,95.1,0
7,1.82,54.63,0
7,0.55,26.02,1
7,0.1,36.07,1
8,0.7,78.61,0
3,0.67,74.27,0
3,0.25,99.45,1
2,1.33,86.9,0
6,1.05,6.06,0
4,1.75,92.18,0
7,0.68,27.84,0
1,0.21,19.28,0
6,1.7,41.08,0
0,1.73,36.92,0
6,0.17,19.68,1
9,0.55,56.35,1
8,1.38,16.6,0
8,0.43,92.84,1
9,0.85,96.82,1
7,1.78,76.83,0
9,1.32,20.42,0
7,1.92,20.43,0
1,1.07,4.73,0
0,1.1,38.12,0
5,0.71,2.84,0
1,0.27,29.11,1
5,0.14,44.32,1
4,1.91,65.74,0
6,1.65,46.41,0
8,1.08,48.8,0
8,0.47,84.96,1
4,0.79,41.43,1
7,0.56,38.2,1
0,1.28,81.77,0
0,1.08,26.8,0
10,1.26,75.92,0
6,1.53,59.95,0
7,1.05,81.5,0
8,1.9,5.81,0
6,0.18,70.63,1
1,1.13,7.19,0
10,0.48,80.67,1
4,0.48,9.14,1
7,1.0,83.24,0
10,1.31,95.37,0
4,0.97,87.09,0
9,0.85,69.18,1
5,1.43,46.78,0
4,1.28,61.8,0
10,0.27,95.13,1
8,0.62,7.13,1
2,0.65,21.99,0
7,1.57,72.55,0
3,1.33,28.36,0
6,0.38,41.2,1
0,1.21,62.46,0
3,0.12,85.21,1
4,0.4,15.32,1
9,1.28,76.0,0
8,1.22,52.12,0
7,0.44,19.72,1
6,1.87,22.25,0
6,1.33,15.47,0
3,0.39,95.15,1
1,1.25,24.3,0
9,0.98,52.75,1
5,1.43,42.33,0
3,1.34,33.65,0
10,0.35,77.62,1
7,0.22,49.99,1
8,0.94,23.26,0
5,1.69,38.38,0
4,0.53,11.33,1
3,0.7,68.53,0
6,0.51,9.99,1
7,1.74,88.8,0
4,1.99,3.75,0
0,0.56,36.2,1
2,0.9,46.26,0
5,0.41,81.34,1
7,1.09,8.6,0
9,1.68,58.51,0
8,0.21,4.39,1
10,0.4,49.45,1
0,1.83,97.74,0
3,1.46,57.99,0
3,0.49,80.9,1
2,1.59,40.91,0
8,0.89,82.86,0
1,1.27,23.38,0
6,1.69,31.15,0
5,0.57,2.4,0
0,1.56,94.73,0
6,1.3,29.08,0
6,1.51,37.94,0
1,1.54,91.51,0
10,1.67,75.11,0
7,1.63,38.81,0
2,0.83,84.1,0
3,0.92,25.65,0
10,0.22,12.43,1
10,0.29,54.5,1
2,1.23,82.04,0
0,1.45,39.49,0
8,1.67,89.46,0
3,1.22,6.94,0
6,1.56,88.97,0
6,1.83,80.04,0
7,0.7,20.74,1
10,0.81,75.53,0
9,0.38,24.61,1
5,0.56,41.21,1
7,1.41,98.86,0
5,1.75,21.22,0
2,0.21,50.99,1
8,0.51,49.44,1
4,0.54,58.17,1
10,1.86,78.16,0
5,0.57,32.27,1
10,0.15,66.64,1
6,1.19,2.34,0
0,1.42,33.22,0
1,1.57,56.04,0
3,1.96,28.19,0
9,1.41,98.57,0
7,1.77,81.4,0
10,1.96,19.34,0
0,1.9,41.82,0
10,0.22,9.44,1
5,0.43,91.7,1
7,0.49,31.81,1
9,1.39,89.81,1
5,1.38,12.89,0
9,0.13,49.41,1
7,0.5,75.12,1
10,1.84,81.69,0
2,1.67,33.61,0
2,1.63,94.51,0
2,0.98,99.26,0
10,1.14,59.86,0
2,0.95,22.82,0
8,1.06,6.02,1
10,1.65,77.58,0
5,0.72,62.96,1
8,0.97,95.89,0
9,1.75,39.46,0
10,1.91,67.83,0
7,1.35,92.11,0
7,1.92,14.17,0
1,1.58,29.45,0
10,0.35,5.47,1
7,1.83,37.19,0
6,0.4,60.41,1
9,0.3,72.77,1
0,1.64,93.64,0
4,0.51,97.28,1
10,0.71,69.22,1
7,0.86,49.97,0
6,0.24,92.54,1
2,0.46,66.1,0
0,1.94,44.06,0
1,1.83,8.51,0
7,1.69,36.03,0
7,1.0,60.87,0
9,0.97,36.39,1
9,0.55,86.73,1
7,0.35,86.59,1
5,0.36,58.98,1
4,1.84,42.49,0
7,0.42,71.99,1
3,1.45,51.21,0
3,1.4,13.59,0
10,1.89,94.84,0
2,0.72,48.83,0
10,1.46,11.18,0
7,1.78,90.65,0
6,1.89,31.41,0
0,1.75,72.08,0
0,0.98,3.14,0
9,1.35,89.29,0
7,1.91,99.85,0
4,0.24,12.89,1
10,0.68,65.73,1
4,1.13,86.61,0
8,1.52,77.12,0
4,0.7,30.58,1
7,1.43,71.93,0
0,0.28,23.54,0
10,1.4,18.84,0
10,1.02,2.95,0
0,1.14,48.29,0
3,1.69,8.48,0
1,1.99,42.32,0
1,1.1,94.48,0
1,0.29,38.84,1
2,1.64,27.61,0
8,1.1,68.49,1
9,1.65,57.75,0
2,1.28,25.3,0
6,1.87,95.62,0
7,1.21,5.53,0
1,0.51,74.02,1
4,0.61,91.25,0
3,0.61,86.36,0
10,0.4,96.32,1
3,0.14,48.21,1
6,1.97,95.88,0
10,1.78,10.09,0
10,0.43,96.76,1
3,1.89,20.53,0
2,1.73,71.25,0
5,0.34,48.64,1
2,1.82,29.4,0
10,0.45,41.85,1
7,0.28,38.09,1
4,0.33,56.26,1
4,0.85,19.77,0
2,1.53,80.41,0
5,0.75,6.43,1
3,0.66,11.14,0
9,0.6,88.36,1
9,0.66,75.44,1
6,1.17,15.75,0
5,1.97,32.7,0
6,0.9,74.38,1
1,1.22,38.46,0
4,0.27,5.45,1
3,1.41,91.38,0
8,1.21,66.82,0
3,0.38,20.6,0
3,1.51,4.73,0
5,0.75,2.11,0
9,0.2,9.41,1
10,0.22,2.71,1
1,0.94,76.09,0
1,1.42,13.02,0
7,1.64,64.08,0
3,0.84,93.18,0
5,1.95,15.99,0
1,0.44,20.86,0
8,0.51,87.75,1
1,0.34,37.75,1
7,0.58,28.37,1
1,1.7,5.5,0
7,0.97,56.06,0
9,0.43,25.77,1
5,0.27,72.63,1
0,1.36,2.77,0
9,1.43,82.74,0
8,1.17,59.25,0
7,1.07,20.22,0
1,0.39,59.71,0
6,1.27,72.19,0
7,1.03,88.69,0
2,1.12,10.67,0
7,0.58,46.0,1
6,0.23,49.18,1
3,1.95,18.5,0
3,1.91,40.53,0
10,0.54,74.98,1
10,0.84,79.34,1
4,0.9,75.57,0
10,1.18,12.22,0
4,1.58,5.55,0
2,1.77,67.26,0
6,1.77,37.18,0
2,0.39,54.43,0
1,1.58,41.6,0
0,1.15,92.07,0
0,0.35,62.36,0
2,0.48,67.07,1
9,0.41,82.89,1
4,1.34,22.28,0
3,0.26,57.16,1
8,0.94,16.99,0
2,0.15,66.86,1
6,1.16,98.84,0
5,1.01,38.97,0
0,0.4,12.61,0
5,1.0,25.99,1
10,0.34,90.33,1
1,0.77,27.49,0
8,1.65,31.62,0
3,0.69,95.94,1
10,0.65,89.61,1
5,1.25,19.09,0
6,0.41,89.77,1
3,0.44,23.79,1
9,0.17,12.95,1
4,1.4,49.9,0
4,1.02,50.62,0
3,1.77,30.74,0
10,0.39,37.8,1
9,0.36,9.54,1
4,0.59,60.57,1
1,0.33,20.44,0
3,1.69,51.8,0
10,0.35,60.44,1
2,0.35,83.63,0
3,0.96,43.38,0
10,0.43,25.37,1
1,0.29,18.52,1
4,1.49,99.76,0
2,1.07,58.69,0
5,0.69,77.85,1
4,0.13,30.85,1
8,0.85,14.58,1
2,0.73,1.06,0
3,0.71,54.52,0
7,0.25,60.75,1
10,0.43,17.84,1
7,0.59,89.62,1
2,1.12,71.23,0
6,1.43,29.75,0
3,1.01,5.8,0
8,1.25,21.73,0
2,0.75,32.99,0
5,1.73,71.48,0
2,0.9,79.71,0
8,1.76,57.98,0
10,0.28,5.18,1
7,1.15,86.06,0
1,1.98,27.13,0
10,1.88,45.82,0
2,0.2,94.93,1
5,1.85,61.45,0
4,1.07,49.0,0
3,1.34,30.17,0
7,0.98,25.41,0
8,1.89,55.22,0
9,0.78,16.69,1
7,0.27,9.3,1
2,0.8,13.38,0
10,1.17,57.8,0
9,1.06,39.19,0
4,1.49,11.77,0
9,1.73,72.6,0
0,0.35,40.3,0
9,0.98,42.75,0
7,0.72,21.12,1
9,1.93,3.86,0
10,0.54,43.84,1
0,1.93,36.53,0
5,1.81,57.9,0
0,1.74,46.48,0
4,0.35,56.55,1
5,0.51,91.56,0
8,1.72,2.04,0
10,1.64,95.94,0
1,0.38,77.92,1
2,0.92,31.82,0
5,0.79,95.36,1
5,1.74,7.25,0
7,0.53,6.1,1
10,0.89,46.17,1
1,0.82,48.4,0
9,0.76,20.55,0
5,0.64,52.93,0
5,1.77,33.72,0
2,1.84,67.43,0
8,0.26,17.32,1
5,1.36,7.0,0
5,1.06,78.5,0
8,0.56,7.67,1
3,1.86,51.79,0
6,1.5,43.9,0
4,0.62,21.76,1
2,1.92,67.02,0
2,0.45,37.04,0
3,1.51,10.2,0
1,1.78,62.41,0
10,0.68,28.86,1
8,1.44,10.3,0
4,0.57,1.27,1
2,0.17,58.15,1
8,0.25,17.19,1
6,0.21,48.07,1
4,1.88,76.13,0
10,1.56,5.1,0
8,0.37,14.23,1
9,0.95,24.35,1
4,1.29,71.76,0
6,1.95,9.14,0
7,0.29,3.65,1
4,1.11,7.68,0
8,1.35,94.29,0
6,0.73,14.1,1
5,1.26,60.53,0
1,0.16,87.05,1
6,1.47,21.87,0
1,0.63,28.52,0
5,1.44,57.57,0
3,1.39,14.11,0
8,1.14,95.16,0
8,0.5,9.24,1
5,1.3,81.41,0
10,1.16,17.14,0
4,0.28,76.98,1
10,1.98,78.54,0
0,0.61,75.77,0
4,0.67,33.42,1
3,1.94,77.21,0
6,1.99,99.65,0
3,0.6,24.15,1
9,0.86,90.45,0
10,0.36,95.76,1
3,0.53,61.85,0
1,1.29,39.31,0
10,0.43,17.39,1
9,1.0,18.75,1
1,0.48,36.24,0
10,0.85,62.14,1
8,1.86,82.21,0
5,0.16,6.91,1
1,0.29,90.54,1
10,1.14,79.42,0
9,1.4,12.28,0
1,0.41,70.11,0
7,0.86,4.94,1
4,0.46,99.13,1
0,0.44,3.02,0
6,1.95,77.78,0
4,0.66,16.67,0
0,1.95,29.34,0
6,0.22,62.64,1
1,0.24,26.38,0
4,1.15,54.86,0
9,1.54,23.07,0
0,1.57,19.17,0
1,1.16,18.33,0
6,1.05,16.61,1
5,1.01,89.39,0
9,0.59,90.89,1
9,1.41,1.51,0
5,1.76,93.07,0
2,0.33,13.28,1
6,1.31,27.14,0
0,1.57,94.38,0
9,1.86,44.42,0
9,1.95,62.14,0
8,0.66,50.97,1
2,1.36,78.32,0
5,1.29,43.71,0
0,0.99,24.03,0
9,0.23,11.76,1
9,0.89,69.33,1
8,0.12,68.57,1
10,0.8,18.96,1
3,0.41,86.73,1
7,1.75,16.44,0
10,0.59,33.87,1
9,1.86,84.91,0
1,0.42,90.33,0
4,1.7,70.9,0
1,1.29,17.72,0
3,1.84,81.95,0
3,0.11,88.29,1
10,0.63,78.71,1
6,0.27,34.57,1
2,1.61,57.33,0
3,0.36,98.56,1
8,0.66,33.82,1
4,0.79,75.47,1
10,1.97,94.67,0
8,1.49,22.41,0
8,1.26,57.71,0
5,1.32,74.83,0
9,1.17,65.8,1
1,1.09,69.92,0
7,1.67,89.67,0
3,0.58,52.59,0
9,1.22,59.08,0
6,0.3,93.8,1
9,1.09,26.79,0
1,0.31,6.8,1
8,1.44,66.27,0
3,0.42,29.49,1
9,0.22,63.92,1
3,1.68,79.62,0
3,1.27,88.51,0
9,1.03,93.36,0
10,0.72,50.96,1
8,1.97,2.92,0
8,1.43,36.17,0
7,1.99,27.04,0
10,1.72,52.31,0
4,1.47,51.46,0
1,1.86,45.27,0
2,1.43,10.15,0
6,0.62,71.96,1
0,0.71,68.66,0
0,0.14,98.29,1
8,1.51,60.48,0
3,1.04,36.9,0
6,1.14,5.26,0
8,0.83,79.54,0
0,1.46,11.52,0
4,1.61,74.15,0
3,0.27,47.3,1
1,0.59,26.36,0
1,1.14,4.28,0
1,1.58,60.85,0
2,0.97,98.91,0
6,1.37,85.17,0
5,0.57,15.56,0
6,0.73,6.56,1
5,0.47,87.42,1
8,1.38,93.45,0
5,1.13,47.92,0
5,0.57,67.57,1
1,1.62,66.9,0
6,1.04,68.93,0
4,0.68,37.05,0
6,0.17,33.09,1
2,1.86,89.21,0
1,0.69,4.33,0
5,1.41,84.12,0
10,0.31,96.21,1
4,1.25,33.22,0
3,1.71,94.69,0
3,1.83,9.67,0
3,1.07,77.48,0
9,0.41,17.49,1
9,0.76,36.91,1
2,1.18,11.24,0
9,0.67,48.55,1
7,1.86,59.45,0
4,1.24,85.85,0
1,1.29,69.42,0
4,1.19,56.54,0
7,0.35,17.51,1
9,1.31,18.7,0
7,1.91,29.95,0
0,0.77,12.19,0
1,0.86,27.43,0
9,1.43,81.78,0
5,0.38,86.08,1
4,1.78,22.48,0
9,0.85,28.94,0
10,0.39,60.95,1
5,0.14,24.89,1
8,0.14,5.81,1
1,0.82,34.07,0
9,0.72,23.71,1
7,1.13,93.21,0
6,0.69,51.73,1
8,0.21,89.88,1
9,1.34,21.58,0
9,0.2,45.75,1
3,0.6,40.04,1
8,1.36,1.49,0
7,1.76,88.73,0
0,1.86,55.28,0
0,1.24,66.24,0
6,1.54,35.99,0
8,1.63,38.17,0
3,1.38,56.5,0
9,1.2,72.75,1
5,1.73,78.82,0
2,1.33,15.88,0
0,1.11,84.48,0
9,0.9,11.01,1
9,1.9,40.93,0
3,1.95,89.37,0
5,1.73,95.7,0
4,1.37,95.41,0
5,1.78,12.4,0
6,1.97,15.02,0
10,0.2,27.88,1
0,0.2,41.46,1
9,0.78,17.18,1
7,1.47,22.1,0
4,0.28,45.6,1
9,1.53,58.38,0
5,1.44,30.37,0
10,1.92,79.22,0
10,0.64,90.73,1
0,1.62,66.31,0
4,1.39,10.56,0
6,0.52,99.77,1
3,0.55,37.32,0
1,0.37,35.19,1
2,1.34,12.5,0
5,0.13,36.12,1
9,1.83,32.48,0
4,0.73,12.91,0
3,1.78,38.11,0
10,1.16,43.18,1
5,1.24,73.33,0
9,0.4,93.38,1
7,0.72,3.75,0
10,1.75,38.17,0
6,1.09,52.45,0
10,0.56,44.36,1
7,1.39,31.19,0
3,1.09,56.18,0
2,0.66,8.24,1
0,1.54,72.34,0
4,0.89,41.77,0
4,1.25,7.18,0
4,1.98,67.81,0
2,0.26,69.32,1
5,1.28,26.62,0
7,1.93,55.87,0
3,1.96,78.33,0
8,1.98,72.97,0
5,1.82,71.55,0
6,1.92,3.04,0
8,1.55,9.26,0
8,1.1,25.45,0
7,1.84,15.76,0
3,1.32,92.96,0
4,0.4,75.51,0
0,0.45,42.84,0
2,0.38,64.97,1
0,1.96,14.23,0
8,0.22,89.0,1
1,1.51,57.32,0
6,0.41,73.15,1
6,1.49,98.32,0
6,0.24,70.71,1
6,0.7,57.04,1
5,1.5,51.19,0
10,1.0,82.6,1
3,1.01,4.93,0
2,1.52,89.54,0
6,1.52,13.6,0
0,1.06,49.89,0
5,1.31,65.36,0
7,0.87,64.14,1
8,0.6,47.48,1
10,1.69,10.39,0
8,1.14,56.51,0
7,1.17,28.71,0
8,1.99,82.72,0
7,1.11,20.62,0
2,1.31,71.44,0
7,0.67,15.74,1
7,0.17,8.78,1
1,1.45,86.46,0
8,1.35,43.06,0
5,0.67,70.61,0
10,1.06,47.22,1
4,1.86,62.06,0
6,0.66,50.99,1
6,0.68,16.91,1
3,1.33,68.99,0
3,1.17,68.88,0
8,0.31,64.52,1
3,1.29,34.91,0
0,1.42,46.66,0
4,1.58,10.37,0
9,1.7,24.7,0
4,1.0,55.82,0
3,1.07,11.79,0
6,1.8,47.01,0
2,0.44,46.68,0
5,1.32,42.41,0
8,1.5,28.23,0
0,1.55,74.44,0
8,1.68,42.61,0
7,0.11,6.37,1
8,1.47,79.65,0
0,0.72,39.6,0
4,1.49,31.18,0
7,1.51,31.33,0
7,0.28,38.41,1
0,0.42,99.51,0
10,1.4,63.06,0
3,0.85,92.41,0
2,1.52,49.08,0
5,1.41,37.14,0
9,1.9,94.02,0
1,0.93,9.57,0
6,0.46,97.83,1
5,1.18,43.91,0
5,0.96,33.48,1
0,1.4,18.67,0
8,0.62,89.13,1
5,1.04,76.03,0
5,0.41,15.7,1
6,1.53,68.62,0
6,1.57,12.54,0
5,0.57,36.55,0
10,1.47,40.38,0
0,0.96,31.76,0
4,1.09,13.17,0
4,1.38,92.04,0
5,1.09,3.51,0
0,1.71,80.31,0
9,0.68,63.59,1
7,0.68,76.28,0
7,1.52,71.38,0
4,1.45,92.66,0
6,1.25,44.49,0
9,0.68,63.44,1
7,0.91,85.26,0
3,0.7,26.74,0
10,0.31,84.6,1
2,0.85,5.11,0
10,0.4,63.94,1
9,0.69,59.81,1
2,1.37,50.05,0
2,0.37,98.85,0
5,0.12,34.92,1
5,1.36,21.11,0
1,0.87,41.08,0
0,0.15,4.59,0
5,0.12,35.37,1
0,0.71,32.7,0
6,1.48,71.87,0
10,0.73,80.16,1
7,1.07,90.7,0
1,1.21,34.19,0
2,0.36,23.7,0
2,1.98,39.94,0
10,1.86,80.81,0
7,1.4,67.28,0
0,0.72,12.06,0
10,0.65,73.04,1
3,1.01,86.8,0
10,0.66,58.47,1
8,0.82,56.89,1
4,1.85,36.4,0
5,0.4,11.94,1
0,0.1,47.86,1
3,1.78,91.19,0
6,1.7,33.46,0
3,1.35,83.87,0
5,1.51,64.49,0
7,0.32,16.56,1
10,1.45,56.35,0
6,1.92,41.78,0
1,1.07,61.91,0
4,0.39,92.04,0
1,0.56,18.16,0
3,1.54,83.81,0
8,1.47,70.02,0
1,1.97,75.6,0
6,1.73,54.65,0
7,0.98,21.5,0
7,0.19,41.13,1
1,1.2,48.22,0
4,1.37,60.67,0
5,1.82,27.35,0
5,1.88,40.55,0
0,1.15,10.4,0
1,1.04,64.4,0
4,1.11,18.71,0
2,1.02,86.39,0
5,0.59,49.13,1
10,1.34,8.39,1
10,1.7,64.57,0
9,0.23,78.27,1
7,1.08,1.81,1
1,1.9,9.97,0
4,0.31,22.42,1
3,0.45,46.82,0
7,0.47,40.84,1
8,1.1,48.76,1
2,1.77,92.33,0
3,0.18,25.52,1
10,1.42,83.34,0
3,1.08,19.67,0
7,1.88,4.28,0
2,1.89,31.59,0
8,0.28,24.33,1
2,0.96,65.45,0
7,0.2,98.95,1
6,1.46,71.16,0
3,0.93,17.73,0
5,0.91,7.36,0
7,1.09,18.13,0
8,0.87,36.46,0
10,0.96,34.1,1
8,1.42,86.19,0
0,0.51,12.57,0
1,0.53,31.91,0
9,1.28,75.84,0
0,0.22,25.25,1
3,1.32,4.42,0
1,0.68,65.01,0
6,1.78,16.62,0
10,1.98,99.7,0
9,0.65,63.86,1
5,1.65,62.54,0
1,1.95,79.39,0
6,1.94,52.33,0
8,1.18,7.06,1
10,1.82,31.04,0
5,1.14,92.57,0
2,1.81,79.25,0
0,1.28,6.46,0
0,1.25,57.05,0
7,1.25,28.27,0
1,1.63,86.74,0
6,1.31,10.19,0
0,1.11,74.97,0
4,1.03,48.4,0
4,1.46,14.8,0
6,0.32,38.22,1
7,0.13,51.38,1
6,1.55,29.78,0
5,0.78,84.39,0
6,0.56,35.33,0
10,1.12,62.95,1
4,1.46,7.73,0
9,1.93,48.4,0
10,0.59,42.14,1
1,1.65,13.83,0
9,0.22,61.19,1
3,0.98,4.07,0
5,1.6,12.06,0
6,0.35,30.8,1
3,0.62,55.9,0
1,1.78,25.49,0
0,1.91,13.28,0
0,0.71,53.98,0
10,0.25,65.58,1
10,0.77,22.45,1
8,1.88,46.87,0
3,1.68,96.47,0
4,1.13,46.97,0
5,0.5,73.95,0
6,1.47,44.62,0
9,1.34,57.82,0
8,0.14,80.4,1
2,1.37,77.15,0
7,1.03,3.82,1
9,1.36,99.04,0
6,1.77,99.32,0
4,0.94,43.02,0
7,1.7,1.28,0
0,0.87,11.15,0
3,0.86,18.47,0
4,0.22,4.27,1
8,0.43,97.81,1
7,0.61,5.98,1
8,1.24,53.69,0
10,1.25,74.78,0
5,1.49,56.33,0
1,1.77,95.89,0
10,1.31,33.95,0
9,1.27,58.43,0
5,1.72,89.81,0
3,0.41,20.85,1
9,0.91,36.99,1
10,0.85,12.49,1
4,0.53,80.46,1
5,0.29,32.26,1
6,1.17,25.04,0
3,0.87,8.57,0
5,0.12,68.0,1
10,0.26,74.14,1
0,0.46,80.25,0
1,0.6,68.15,0
2,1.94,49.6,0
3,0.82,6.46,0
10,0.34,75.87,1
8,1.22,98.61,0
5,1.71,55.01,0
3,0.33,70.45,1
5,1.06,94.44,0
10,1.38,37.76,0
2,1.46,51.22,0
4,0.19,64.97,1
5,1.44,47.03,0
10,0.62,22.3,1
5,1.79,49.73,0
8,0.43,19.69,1
5,0.37,80.46,1
3,0.65,68.71,0
7,1.2,91.39,0
5,0.2,82.71,1
9,0.28,42.63,1
4,1.76,49.37,0
2,0.33,6.81,1
10,1.48,92.93,0
5,1.98,57.0,0
3,1.21,30.57,0
5,0.74,90.33,1
10,0.14,9.86,1
10,1.06,45.92,0
6,0.61,43.74,1
3,0.32,2.72,1
5,1.36,11.17,0
6,1.39,35.54,0
10,1.53,64.7,0
5,0.73,28.03,1
10,0.26,61.25,1
6,1.36,51.15,0
8,1.13,23.54,0
2,0.74,31.25,0
0,1.38,60.72,0
9,1.88,74.0,0
1,1.91,84.12,0
6,0.12,12.93,1
10,0.66,10.43,1
7,0.79,6.57,0
3,1.17,98.84,0
1,0.6,39.5,0
7,0.79,77.73,1
7,0.69,72.26,1
4,1.56,52.3,0
4,1.62,1.23,0
7,1.82,24.32,0
2,1.93,27.61,0
4,1.86,27.35,0
8,0.55,79.26,1
8,0.99,57.49,1
9,1.77,18.06,0
7,0.52,94.66,1
7,1.15,43.86,0
3,1.8,4.06,0
7,1.97,41.65,0
2,1.91,53.9,0
7,0.16,13.55,1
4,1.05,55.23,0
3,1.97,86.04,0
6,1.84,35.09,0
1,1.2,64.37,0
7,0.84,24.21,0
2,1.02,1.69,0
0,0.41,29.95,0
8,1.01,43.1,0
4,1.99,25.74,0
2,1.54,42.28,0
8,0.69,28.87,1
3,1.05,49.0,0
3,0.45,65.48,1
7,0.44,10.71,1
4,0.91,37.22,0
5,1.04,93.17,0
8,1.4,49.07,0
6,1.53,41.25,0
8,1.41,9.18,0
5,0.81,58.92,1
4,0.34,11.37,1
5,1.92,31.25,0
9,1.53,62.63,0
10,0.58,22.31,1
5,0.7,1.18,0
5,0.22,10.47,1
3,0.49,87.52,0
8,1.13,88.32,0
8,0.3,14.23,1
4,0.32,15.2,1
3,0.29,41.83,1
8,0.14,93.27,1
9,1.32,77.96,1
9,0.29,71.31,1
4,0.47,87.69,1
6,1.02,92.77,0
9,1.53,6.66,0
5,1.27,30.61,0
8,1.34,85.18,0
4,1.87,25.76,0
8,0.65,71.51,1
1,1.47,76.13,0
5,0.11,59.53,1
8,1.91,3.34,0
3,0.11,22.02,1
6,0.7,10.41,1
1,0.89,45.11,0
0,0.76,33.57,0
2,1.53,39.58,0
9,1.44,59.71,0
3,1.06,37.17,0
1,0.69,77.26,0
7,0.17,75.43,1
7,0.87,46.58,1
0,1.95,28.8,0
7,1.88,80.91,0
10,1.55,37.73,0
9,0.26,54.01,1
7,1.36,71.3,0
9,1.03,45.23,0
9,0.76,53.49,1
1,0.11,14.38,1
3,0.26,81.86,1
5,1.86,95.4,0
2,1.48,62.46,0
0,0.31,7.84,1
5,0.44,14.54,1
6,0.58,87.59,1
3,1.47,60.17,0
4,0.14,81.52,1
1,1.92,82.99,0
4,0.99,84.12,0
6,0.38,35.51,1
7,1.71,93.31,0
4,1.03,20.74,0
6,1.81,63.97,0
1,0.43,38.52,1
6,1.3,33.57,0
0,1.41,5.35,0
10,0.77,52.18,1
8,0.91,93.54,1
5,1.13,77.3,0
9,1.73,26.26,0
1,1.77,39.56,0
7,0.99,56.64,0
8,1.21,3.66,0
6,0.16,78.17,1
0,0.22,24.07,1
2,1.59,53.53,0
3,0.81,81.79,0
4,0.64,31.54,1
3,1.04,23.55,0
7,1.04,3.94,1
9,0.25,12.19,1
0,0.69,99.32,0
1,0.48,81.52,1
3,1.81,70.62,0
7,1.5,94.68,0
9,1.06,93.52,0
1,1.04,81.71,0
4,1.0,79.54,0
1,0.25,82.83,0
1,1.91,54.54,0
3,0.25,14.0,1
9,1.64,11.11,0
1,0.35,80.91,0
9,1.63,98.76,0
3,1.86,15.32,0
3,1.63,49.83,0
9,0.9,3.6,0
4,1.18,4.25,0
4,1.82,23.36,0
8,1.63,56.95,0
0,1.06,41.07,0
9,0.89,78.67,1
10,1.8,64.0,0
8,0.56,33.49,1
2,0.8,71.48,0
10,1.0,50.06,1
1,0.13,57.02,0
7,0.26,45.85,1
9,1.47,57.3,0
8,1.68,74.7,0
3,0.69,19.05,0
2,0.4,25.85,0
2,0.89,82.41,0
8,1.25,96.46,0
5,0.73,20.89,1
1,0.35,63.04,0
1,1.9,72.35,0
10,0.67,84.37,1
10,1.86,5.55,0
0,0.21,29.42,0
2,1.76,29.71,0
0,1.79,49.82,0
6,1.46,77.16,0
4,1.61,47.96,0
2,0.28,36.57,1
7,1.28,29.74,0
0,0.36,46.48,0
4,1.28,13.65,0
6,0.44,91.72,1
2,1.77,93.49,0
8,1.24,78.57,0
9,1.01,37.02,1
7,1.18,92.58,0
4,0.77,15.68,1
1,1.82,19.68,0
10,1.31,56.16,0
1,0.57,69.52,0
5,1.94,38.25,0
3,2.0,71.58,0
5,1.29,38.47,0
2,0.21,48.08,1
9,1.17,1.34,0
1,0.29,72.17,0
1,0.14,77.76,1
4,1.37,2.77,0
9,1.29,20.69,0
10,0.13,83.85,1
8,0.57,53.8,1
3,1.06,40.35,0
1,0.8,7.81,0
5,1.54,64.82,0
0,0.71,4.73,0
8,1.2,77.19,0
10,1.46,1.63,0
6,0.68,60.77,1
4,0.49,76.87,1
4,1.2,3.57,0
1,1.22,34.89,0
6,1.77,40.82,0
5,0.82,61.65,0
7,0.11,20.01,1
4,1.59,69.67,0
3,1.29,12.14,0
8,0.48,74.9,1
4,1.71,18.42,0
6,1.63,35.71,0
7,0.21,46.13,1
3,1.44,44.41,0
5,1.57,1.38,0
1,1.11,54.74,0
0,0.78,12.86,0
1,0.44,16.69,1
10,0.94,56.42,1
5,0.55,15.41,1
7,1.1,39.87,0
8,0.2,61.78,1
9,1.64,29.15,0
2,2.0,34.66,0
0,0.46,35.97,1
10,0.25,69.56,1
0,1.92,45.2,0
4,0.22,47.74,1
8,1.37,43.22,0
6,0.79,63.63,0
2,1.28,30.27,0
8,1.59,54.44,0
9,0.6,11.44,1
10,0.79,41.28,1
10,1.93,92.18,0
6,1.92,25.78,0
4,0.81,40.41,0
8,0.92,86.8,0
2,1.56,47.98,0
2,0.27,25.38,1
7,1.02,60.12,1
1,0.33,9.27,1
10,1.86,75.16,0
8,0.49,40.28,1
9,0.79,25.77,1
1,1.26,77.55,0
0,1.21,51.98,0
10,0.93,4.51,1
1,1.49,70.23,0
5,0.21,63.58,1
6,1.2,8.32,0
3,1.01,28.15,0
2,1.04,95.29,0
5,1.13,34.96,0
4,0.5,60.12,0
3,1.62,57.76,0
6,1.95,37.06,0
2,0.3,19.68,0
6,0.98,36.81,0
9,0.93,14.8,1
6,1.9,89.6,0
6,0.15,4.28,1
8,1.58,83.12,0
8,0.91,84.17,1
0,0.88,75.15,0
9,0.93,67.06,1
6,1.13,14.48,0
10,0.55,46.39,1
3,0.44,81.22,0
0,1.77,67.44,0
1,0.4,88.1,1
3,0.3,77.51,1
10,0.52,16.38,1
6,1.62,12.31,0
10,0.48,93.95,1
1,1.39,52.05,0
3,0.61,82.66,0
9,1.89,52.36,0
9,0.44,6.32,1
4,0.53,31.81,1
0,0.77,55.94,0
2,1.32,24.14,0
5,1.32,21.72,0
0,0.74,13.78,0
2,1.75,45.39,0
9,0.87,45.05,1
0,1.84,92.42,0
2,0.28,15.58,1
9,1.86,81.72,0
4,1.69,53.78,0
2,1.49,35.39,0
0,1.52,93.45,0
0,0.48,95.65,0
9,1.87,36.63,0
5,0.36,66.81,1
6,0.31,71.67,1
3,1.79,25.2,0
4,0.59,50.33,0
2,1.42,5.96,0
8,1.69,18.12,0
3,0.88,84.81,0
7,0.43,87.25,1
7,0.24,2.97,1
6,1.18,79.17,0
5,1.88,72.89,0
3,0.79,74.12,0
8,1.04,80.5,0
7,1.05,83.22,0
3,1.69,22.93,0
5,1.08,74.45,0
0,1.01,13.37,0
1,1.28,11.1,0
8,1.87,30.33,0
5,1.38,2.84,0
8,0.17,98.85,1
8,1.73,57.61,0
9,1.39,86.48,0
10,0.49,99.17,1
0,0.82,15.52,0
1,0.22,51.2,0
10,0.69,10.73,1
10,0.52,35.52,1
2,0.27,14.2,1
9,0.76,12.26,0
0,1.89,10.49,0
8,0.42,53.48,1
9,1.3,58.17,1
0,1.66,89.75,0
7,1.57,43.36,0
1,0.25,75.0,1
6,0.45,43.22,0
5,0.43,72.55,1
5,1.76,86.79,0
8,0.32,52.01,1
0,0.33,49.45,0
10,1.91,39.7,0
3,0.38,86.14,0
8,0.78,44.69,1
7,0.98,15.65,0
1,1.88,74.91,0
0,0.72,62.66,0
8,0.7,24.41,1
9,0.23,21.64,1
10,0.2,87.04,1
3,1.7,62.36,0
10,1.41,56.51,0
9,1.68,10.63,0
9,0.75,67.3,1
4,1.12,27.92,0
7,1.57,4.63,0
10,0.79,1.88,0
5,1.2,63.58,0
2,1.38,52.7,0
7,1.95,3.31,0
10,1.98,98.93,0
6,1.77,44.66,0
7,1.16,24.7,0
10,0.31,86.05,1
5,1.2,34.56,0
9,1.52,98.37,0
2,1.55,75.46,0
4,0.57,42.52,1
10,0.24,87.53,1
0,1.16,9.2,0
5,1.53,48.41,0
8,1.16,44.74,0
9,0.66,53.36,1
10,1.51,42.91,0
8,0.34,74.13,1
6,0.78,21.93,1
3,1.62,38.51,0
1,1.8,97.21,0
2,1.29,53.12,0
7,0.17,70.23,1
6,1.79,99.17,0
9,0.2,76.37,1
3,1.31,33.06,0
4,0.64,47.11,1
8,1.58,91.35,0
4,1.68,44.0,0
9,1.19,43.18,0
7,1.4,91.98,0
1,1.91,49.12,0
5,1.9,30.1,0
0,0.57,57.45,1
4,1.07,94.17,0
7,0.42,30.31,1
7,0.76,85.0,0
1,0.11,73.16,1
3,1.3,71.1,0
4,0.26,58.11,1
7,0.23,56.02,1
6,1.11,5.26,0
8,0.43,94.4,1
10,1.72,59.0,0
1,0.61,3.14,1
8,1.53,16.79,0
6,0.55,6.77,0
9,1.93,84.47,0
9,0.34,60.52,1
3,0.47,20.87,0
9,0.48,43.06,1
8,1.15,91.57,1
10,2.0,74.61,0
9,0.35,66.64,1
1,0.56,5.49,1
9,1.73,72.41,0
5,1.9,12.17,0
8,0.37,53.54,1
10,0.3,85.58,1
2,0.4,29.37,1
7,1.04,87.56,0
0,0.96,62.49,0
8,0.73,79.66,1
7,1.64,54.7,0
2,1.96,16.31,0
3,0.87,81.65,1
5,0.16,89.27,1
0,1.2,47.29,0
8,1.72,59.23,0
7,0.33,27.42,1
0,1.74,97.45,0
1,1.3,51.65,0
5,1.65,18.3,0
5,0.72,44.3,0
10,1.04,2.06,1
3,1.89,11.12,0
2,1.41,90.84,0
9,0.34,81.3,1
10,1.54,84.16,0
8,0.66,10.38,1
5,0.76,30.69,0
2,1.05,92.67,0
0,1.46,68.62,0
2,0.65,54.66,1
3,1.89,59.47,0
2,0.93,62.73,0
9,0.3,57.07,1
7,1.33,94.92,0
2,0.15,67.83,1
5,0.33,40.34,1
3,0.11,20.39,1
6,0.37,6.58,1
2,0.2,77.02,1
0,0.18,62.34,0
0,0.29,96.29,0
6,1.4,24.68,0
9,0.83,63.95,1
7,0.44,64.96,1
4,0.79,49.34,1
4,0.2,57.53,1
2,0.68,51.15,0
3,0.99,95.55,0
10,1.6,16.85,0
2,0.12,91.16,1
6,0.83,82.86,1
10,1.77,85.3,0
2,1.58,25.59,0
4,1.99,11.45,0
6,1.42,13.14,0
8,1.82,87.49,0
7,1.74,39.79,0
6,0.69,63.79,1
3,0.85,12.76,0
2,0.49,72.32,1
4,0.9,25.81,0
4,1.55,98.64,0
8,0.58,57.66,1
3,0.19,1.95,1
6,1.86,94.29,0
8,0.85,32.91,1
2,0.59,41.83,0
2,0.21,93.39,1
10,0.2,74.83,1
6,1.47,55.53,0
0,0.99,85.95,0
3,0.29,16.68,1
1,0.42,85.64,0
4,1.26,77.69,0
8,2.0,13.7,0
5,0.6,93.64,1
3,0.18,84.99,1
2,1.22,98.28,0
0,1.59,83.56,0
8,1.36,87.32,0
7,1.05,95.34,0
7,1.91,49.62,0
7,0.4,8.76,1
9,0.48,90.12,1
9,0.3,38.29,1
8,1.53,7.73,0
6,1.42,7.8,0
7,1.76,62.2,0
0,0.26,53.98,1
0,1.13,53.91,0
3,1.96,3.91,0
9,0.45,96.33,1
10,0.45,95.19,1
7,0.14,48.47,1
2,1.85,12.5,0
9,0.23,68.88,1
5,0.89,2.76,0
1,1.15,14.81,0
3,1.48,36.21,0
7,0.85,12.14,1
7,0.99,36.77,0
8,0.82,13.06,1
3,0.87,76.12,0
2,1.13,73.69,0
3,1.35,9.44,0
2,0.42,71.21,0
3,1.88,20.83,0
9,1.95,43.03,0
6,1.65,11.79,0
1,0.6,34.83,0
10,0.38,35.78,1
7,0.62,29.86,0
2,1.1,8.73,0
5,0.6,80.73,0
9,1.47,31.88,0
5,0.36,46.17,0
10,0.27,30.24,1
9,1.6,78.85,0
6,1.1,71.05,0
4,1.56,67.3,0
3,1.45,3.73,0
9,1.57,85.91,0
9,1.42,35.54,0
10,1.36,97.88,0
1,0.94,24.4,0
5,1.19,31.9,0
